title_primary,title_searchable,platform,platform_short,release_year,genre_primary,developer,alternative_names,series,folder_patterns
Minecraft,minecraft,PC,PC,2011,Sandbox,Mojang,Minecraft Java|Minecraft Bedrock|Minecraft Dungeons,Minecraft,minecraft|mine.craft|mc
GTA V,gta 5,PC,PC,2013,Action-Adventure,Rockstar North,GTA 5|GTA V|Grand Theft Auto Five,Grand Theft Auto,gta5|gta.v|gta.5
PUBG,pubg,PC,PC,2017,Battle Royale,KRAFTON,PlayerUnknown's Battlegrounds,PUBG,pubg|playerunknowns.battlegrounds|battlegrounds
Terraria,terraria,PC,PC,2011,Action-Adventure,Re-Logic,,Terraria,terraria
Stardew Valley,stardew valley,PC,PC,2016,Farm Sim,ConcernedApe,Stardew,Stardew Valley,stardew.valley|stardew
Garry's Mod,garrys mod,PC,PC,2004,Sandbox,Facepunch Studios,GMod,Garry's Mod,garrys.mod|gmod|garrysmod
The Sims 4,the sims 4,PC,PC,2014,Life Sim,Maxis,Sims 4,The Sims,sims.4|the.sims.4
World of Warcraft,world of warcraft,PC,PC,2004,MMORPG,Blizzard,WoW,Warcraft,world.of.warcraft|wow
Counter-Strike 2,counter strike 2,PC,PC,2023,FPS,Valve,CS2|CSGO|Counter-Strike Global Offensive,Counter-Strike,cs2|csgo
Valorant,valorant,PC,PC,2020,FPS,Riot Games,,Valorant,valorant
Apex Legends,apex legends,PC,PC,2019,Battle Royale,Respawn,,Apex Legends,apex.legends|apex
Cyberpunk 2077,cyberpunk 2077,PC,PC,2020,Action RPG,CD Projekt Red,Cyberpunk,Cyberpunk,cyberpunk.2077|cp2077
The Witcher 3,the witcher 3,PC,PC,2015,Action RPG,CD Projekt Red,Witcher 3,The Witcher,witcher.3|tw3
Elden Ring,elden ring,PC,PC,2022,Action RPG,FromSoftware,,Elden Ring,elden.ring
Red Dead Redemption 2,red dead redemption 2,PC,PC,2018,Action-Adventure,Rockstar,RDR2,Red Dead,rdr2
Fortnite,fortnite,PC,PC,2017,Battle Royale,Epic Games,,Fortnite,fortnite
Call of Duty Modern Warfare,call of duty modern warfare,PC,PC,2019,FPS,Infinity Ward,COD MW|Modern Warfare,Call of Duty,cod.mw|call.of.duty.mw
Call of Duty Warzone,call of duty warzone,PC,PC,2020,Battle Royale,Infinity Ward,COD Warzone,Call of Duty,cod.warzone|warzone
League of Legends,league of legends,PC,PC,2009,MOBA,Riot Games,LoL,League of Legends,lol|league.of.legends
Dota 2,dota 2,PC,PC,2013,MOBA,Valve,Dota,Dota,dota.2|dota2
Overwatch 2,overwatch 2,PC,PC,2022,FPS,Blizzard,OW2,Overwatch,overwatch.2|ow2
Rainbow Six Siege,rainbow six siege,PC,PC,2015,FPS,Ubisoft,R6 Siege,Counter-Strike,rainbow.six.siege|r6.siege
Rocket League,rocket league,PC,PC,2015,Sports,Psyonix,RL,Rocket League,rocket.league|rl
Rust,rust,PC,PC,2018,Survival,Facepunch Studios,,Rust,rust
Among Us,among us,PC,PC,2018,Party,InnerSloth,,Among Us,among.us|amongus
Fall Guys,fall guys,PC,PC,2020,Party,Mediatonic,,Fall Guys,fall.guys|fallguys
Hades,hades,PC,PC,2020,Roguelike,Supergiant Games,,Hades,hades
Hollow Knight,hollow knight,PC,PC,2017,Metroidvania,Team Cherry,HK,Hollow Knight,hollow.knight|hk
Celeste,celeste,PC,PC,2018,Platformer,Extremely OK Games,,Celeste,celeste
Dead Cells,dead cells,PC,PC,2018,Roguelike,Motion Twin,,Dead Cells,dead.cells|deadcells
Slay the Spire,slay the spire,PC,PC,2019,Roguelike,MegaCrit,STS,Slay the Spire,slay.the.spire|sts
Binding of Isaac,binding of isaac,PC,PC,2014,Roguelike,Nicalis,BOI,Binding of Isaac,binding.of.isaac|boi
Baldur's Gate 3,baldurs gate 3,PC,PC,2023,RPG,Larian Studios,BG3,Baldur's Gate,baldurs.gate.3|bg3
Divinity Original Sin 2,divinity original sin 2,PC,PC,2017,RPG,Larian Studios,DOS2,Divinity,dos2|divinity.original.sin.2
Skyrim,skyrim,PC,PC,2011,RPG,Bethesda,Elder Scrolls V,The Elder Scrolls,skyrim|elder.scrolls.v|tes.v
Fallout 4,fallout 4,PC,PC,2015,RPG,Bethesda,,Fallout,fallout.4|fallout4
Fallout New Vegas,fallout new vegas,PC,PC,2010,RPG,Obsidian,FONV,Fallout,fallout.new.vegas|fonv
The Elder Scrolls Online,elder scrolls online,PC,PC,2014,MMORPG,ZeniMax,ESO,The Elder Scrolls,eso
Starfield,starfield,PC,PC,2023,RPG,Bethesda,,Starfield,starfield
No Man's Sky,no mans sky,PC,PC,2016,Survival,Hello Games,NMS,No Man's Sky,nms|no.mans.sky
Subnautica,subnautica,PC,PC,2018,Survival,Unknown Worlds,,Subnautica,subnautica
Valheim,valheim,PC,PC,2021,Survival,Iron Gate AB,,Valheim,valheim
Satisfactory,satisfactory,PC,PC,2019,Simulation,Coffee Stain,,Satisfactory,satisfactory
Factorio,factorio,PC,PC,2020,Simulation,Wube Software,,Factorio,factorio
Cities Skylines,cities skylines,PC,PC,2015,Simulation,Colossal Order,Cities,Cities Skylines,cities.skylines
Cities Skylines 2,cities skylines 2,PC,PC,2023,Simulation,Colossal Order,Cities 2,Cities Skylines,cities.skylines.2|cities.2
SimCity 4,simcity 4,PC,PC,2003,Simulation,Maxis,SC4,SimCity,simcity.4|sc4
Planet Coaster,planet coaster,PC,PC,2016,Simulation,Frontier,,Planet Coaster,planet.coaster
Planet Zoo,planet zoo,PC,PC,2019,Simulation,Frontier,,Planet Zoo,planet.zoo
RimWorld,rimworld,PC,PC,2018,Simulation,Ludeon,,RimWorld,rimworld
Dwarf Fortress,dwarf fortress,PC,PC,2006,Simulation,Bay 12 Games,DF,Dwarf Fortress,dwarf.fortress|df
Oxygen Not Included,oxygen not included,PC,PC,2019,Simulation,Klei,ONI,Oxygen Not Included,oxygen.not.included|oni
Don't Starve,dont starve,PC,PC,2013,Survival,Klei,,Don't Starve,dont.starve|dontstarve
Don't Starve Together,dont starve together,PC,PC,2016,Survival,Klei,DST,Don't Starve,dst|dont.starve.together
Stellaris,stellaris,PC,PC,2016,Strategy,Paradox,,Stellaris,stellaris
Crusader Kings 3,crusader kings 3,PC,PC,2020,Strategy,Paradox,CK3,Crusader Kings,ck3|crusader.kings.3
Europa Universalis 4,europa universalis 4,PC,PC,2013,Strategy,Paradox,EU4,Europa Universalis,eu4
Hearts of Iron 4,hearts of iron 4,PC,PC,2016,Strategy,Paradox,HOI4,Hearts of Iron,hoi4
Civilization 6,civilization 6,PC,PC,2016,Strategy,Firaxis,Civ 6,Civilization,civ.6|civ6
Civilization 5,civilization 5,PC,PC,2010,Strategy,Firaxis,Civ 5,Civilization,civ.5|civ5
Age of Empires 4,age of empires 4,PC,PC,2021,Strategy,Relic,AOE4,Age of Empires,aoe4|age.of.empires.4
Age of Empires 2 Definitive,age of empires 2 definitive,PC,PC,2019,Strategy,Forgotten Empires,AOE2 DE,Age of Empires,aoe2|age.of.empires.2
StarCraft 2,starcraft 2,PC,PC,2010,RTS,Blizzard,SC2,StarCraft,sc2|starcraft.2
Total War Warhammer 3,total war warhammer 3,PC,PC,2022,Strategy,Creative Assembly,TWW3,Total War,tww3|total.war.warhammer.3
Phasmophobia,phasmophobia,PC,PC,2020,Horror,Kinetic Games,,Phasmophobia,phasmophobia
Lethal Company,lethal company,PC,PC,2023,Horror,Zeekerss,,Lethal Company,lethal.company
Palworld,palworld,PC,PC,2024,Survival,Pocketpair,,Palworld,palworld
Hogwarts Legacy,hogwarts legacy,PC,PC,2023,Action-Adventure,Avalanche,,Hogwarts Legacy,hogwarts.legacy
Spider-Man,marvels spider man,PC,PC,2022,Action-Adventure,Insomniac,Spider-Man,Marvel,spider.man|marvels.spider.man
God of War,god of war,PC,PC,2022,Action-Adventure,Santa Monica Studio,GOW 2018,God of War,god.of.war|gow
The Last of Us,the last of us,PC,PC,2023,Action-Adventure,Naughty Dog,TLOU,The Last of Us,the.last.of.us|tlou
Horizon Zero Dawn,horizon zero dawn,PC,PC,2020,Action-Adventure,Guerrilla,HZD,Horizon,hzd|horizon.zero.dawn
Ghost of Tsushima,ghost of tsushima,PC,PC,2024,Action-Adventure,Sucker Punch,GOT,Ghost of Tsushima,ghost.of.tsushima|got
Death Stranding,death stranding,PC,PC,2020,Adventure,Kojima Productions,DS,Death Stranding,death.stranding|ds
Doom Eternal,doom eternal,PC,PC,2020,FPS,id Software,,DOOM,doom.eternal
Doom 2016,doom 2016,PC,PC,2016,FPS,id Software,DOOM,DOOM,doom.2016|doom.4
Quake,quake,PC,PC,1996,FPS,id Software,,Quake,quake
Duke Nukem 3D,duke nukem 3d,PC,PC,1996,FPS,3D Realms,Duke3D,Duke Nukem,duke.nukem.3d|dukenukem3d|duke3d
Hotline Miami,hotline miami,PC,PC,2012,Action,Dennaton,,Hotline Miami,hotline.miami
Katana Zero,katana zero,PC,PC,2019,Action,Askiisoft,,Katana Zero,katana.zero
Forza Horizon 5,forza horizon 5,PC,PC,2021,Racing,Playground Games,FH5,Forza,forza.horizon.5|fh5
Assetto Corsa,assetto corsa,PC,PC,2014,Racing,Kunos,AC,Assetto Corsa,assetto.corsa|ac
Euro Truck Simulator 2,euro truck simulator 2,PC,PC,2012,Simulation,SCS,ETS2,Euro Truck,ets2|euro.truck.simulator.2
Farming Simulator 22,farming simulator 22,PC,PC,2021,Simulation,Giants,FS22,Farming Simulator,fs22|farming.simulator.22
House Flipper,house flipper,PC,PC,2018,Simulation,Empyrean,,House Flipper,house.flipper
PowerWash Simulator,powerwash simulator,PC,PC,2022,Simulation,FuturLab,,PowerWash Simulator,powerwash.simulator|powerwash
Life is Strange,life is strange,PC,PC,2015,Adventure,Dontnod,LIS,Life is Strange,lis|life.is.strange
Detroit Become Human,detroit become human,PC,PC,2019,Adventure,Quantic,,Detroit,detroit.become.human
Outer Wilds,outer wilds,PC,PC,2019,Adventure,Mobius,,Outer Wilds,outer.wilds
The Forest,the forest,PC,PC,2014,Survival,Endnight,,The Forest,the.forest
Sons of the Forest,sons of the forest,PC,PC,2023,Survival,Endnight,Sons of Forest,The Forest,sons.of.the.forest
7 Days to Die,7 days to die,PC,PC,2013,Survival,The Fun Pimps,7DTD,7 Days,7.days.to.die|7dtd
ARK Survival Evolved,ark survival evolved,PC,PC,2015,Survival,Studio Wildcard,ARK,ARK,ark|ark.survival.evolved
DayZ,dayz,PC,PC,2018,Survival,Bohemia,,DayZ,dayz
Project Zomboid,project zomboid,PC,PC,2013,Survival,The Indie Stone,PZ,Project Zomboid,project.zomboid|pz
BeamNG Drive,beamng drive,PC,PC,2015,Racing,BeamNG,,BeamNG Drive,beamng.drive|beamng
FIFA 24,fifa 24,PC,PC,2023,Sports,EA,FC 24,FIFA,fifa.24|fc.24|fc24
Football Manager 2024,football manager 2024,PC,PC,2023,Simulation,Sports Interactive,FM2024,Football Manager,fm2024|football.manager.2024|fm.24
NBA 2K24,nba 2k24,PC,PC,2023,Sports,2K,NBA2K24,NBA 2K,nba.2k24|nba2k24
Baba Is You,baba is you,PC,PC,2019,Puzzle,Hempuli,,Baba Is You,baba.is.you
The Witness,the witness,PC,PC,2016,Puzzle,Thekla,,The Witness,the.witness
Return of the Obra Dinn,return of the obra dinn,PC,PC,2018,Puzzle,3909 LLC,,Return of the Obra Dinn,obra.dinn|return.of.the.obra.dinn
Fez,fez,PC,PC,2012,Puzzle,Polytron,,Fez,fez
Inside,inside,PC,PC,2016,Puzzle,Playdead,,Inside,inside
Limbo,limbo,PC,PC,2010,Puzzle,Playdead,,Limbo,limbo
Little Nightmares,little nightmares,PC,PC,2017,Horror,Tarsier,,Little Nightmares,little.nightmares
Five Nights at Freddy's,five nights at freddys,PC,PC,2014,Horror,Scott Cawthon,FNAF,Five Nights,fnaf|five.nights.at.freddys
FNAF Security Breach,fnaf security breach,PC,PC,2021,Horror,Steel Wool,FNAF SB,Five Nights,fnaf.security.breach|security.breach
Resident Evil Village,resident evil village,PC,PC,2021,Survival Horror,Capcom,RE8,Resident Evil,re8|resident.evil.village
Resident Evil 7,resident evil 7,PC,PC,2017,Survival Horror,Capcom,RE7,Resident Evil,re7|resident.evil.7
Resident Evil 2 Remake,resident evil 2 remake,PC,PC,2019,Survival Horror,Capcom,RE2 Remake,Resident Evil,re2.remake|resident.evil.2.remake
Resident Evil 4 Remake,resident evil 4 remake,PC,PC,2023,Survival Horror,Capcom,RE4 Remake,Resident Evil,re4.remake|resident.evil.4.remake
Devil May Cry 5,devil may cry 5,PC,PC,2019,Hack and Slash,Capcom,DMC5,Devil May Cry,dmc5|devil.may.cry.5
Monster Hunter World,monster hunter world,PC,PC,2018,Action RPG,Capcom,MHW,Monster Hunter,mhw|monster.hunter.world
Street Fighter 6,street fighter 6,PC,PC,2023,Fighting,Capcom,SF6,Street Fighter,sf6|street.fighter.6
Tekken 8,tekken 8,PC,PC,2024,Fighting,Bandai Namco,T8,Tekken,tekken.8|t8
Mortal Kombat 11,mortal kombat 11,PC,PC,2019,Fighting,NetherRealm,MK11,Mortal Kombat,mk11|mortal.kombat.11
Mortal Kombat 1,mortal kombat 1,PC,PC,2023,Fighting,NetherRealm,MK1|Mortal Kombat 12,Mortal Kombat,mk1|mortal.kombat.1|mortal.kombat.12
Injustice 2,injustice 2,PC,PC,2017,Fighting,NetherRealm,,Injustice,injustice.2
Guilty Gear Strive,guilty gear strive,PC,PC,2021,Fighting,Arc System Works,GGStrive,Guilty Gear,ggstrive|guilty.gear.strive
Granblue Fantasy Versus,granblue fantasy versus,PC,PC,2020,Fighting,Arc System Works,GBVS,Granblue,gbvs|granblue.fantasy.versus
The King of Fighters 15,king of fighters 15,PC,PC,2022,Fighting,SNK,KOF XV,KOF,kof.15|kof.xv|king.of.fighters.15
Soulcalibur 6,soulcalibur 6,PC,PC,2018,Fighting,Bandai Namco,SC6,Soulcalibur,sc6|soulcalibur.6
Dead or Alive 6,dead or alive 6,PC,PC,2019,Fighting,Team Ninja,DOA6,Dead or Alive,doa6|dead.or.alive.6
Super Smash Bros Ultimate,super smash bros ultimate,Switch,Switch,2018,Fighting,Bandai Namco,SSBU,Super Smash Bros,ssbu|super.smash.bros.ultimate
Super Smash Bros Melee,super smash bros melee,GC,GC,2001,Fighting,HAL Laboratory,SSBM,Super Smash Bros,ssbm|super.smash.bros.melee
Super Smash Bros Brawl,super smash bros brawl,Wii,Wii,2008,Fighting,Sora,SSBB,Super Smash Bros,ssbb|super.smash.bros.brawl
Mario Kart 8 Deluxe,mario kart 8 deluxe,Switch,Switch,2017,Racing,Nintendo EPD,MK8D,Mario Kart,mario.kart.8.deluxe|mk8d
Mario Kart Wii,mario kart wii,Wii,Wii,2008,Racing,Nintendo,,Mario Kart,mario.kart.wii|mkwii
Super Mario Odyssey,super mario odyssey,Switch,Switch,2017,Platformer,Nintendo EPD,Mario Odyssey,Super Mario,super.mario.odyssey
Super Mario Galaxy,super mario galaxy,Wii,Wii,2007,Platformer,Nintendo EAD,Mario Galaxy,Super Mario,super.mario.galaxy|mario.galaxy
Super Mario 64,super mario 64,N64,N64,1996,Platformer,Nintendo,Mario 64,Super Mario,super.mario.64|mario.64|sm64
Super Mario World,super mario world,SNES,SNES,1990,Platformer,Nintendo,SMW,Super Mario,super.mario.world|smw
Super Mario Bros,super mario bros,NES,NES,1985,Platformer,Nintendo,SMB,Super Mario,super.mario.bros|smb
Super Mario Bros 3,super mario bros 3,NES,NES,1988,Platformer,Nintendo,SMB3,Super Mario,super.mario.bros.3|smb3
The Legend of Zelda Breath of the Wild,legend of zelda breath of the wild,Switch,Switch,2017,Action-Adventure,Nintendo EPD,BOTW,The Legend of Zelda,botw|breath.of.the.wild|zelda.botw
The Legend of Zelda Tears of the Kingdom,legend of zelda tears of the kingdom,Switch,Switch,2023,Action-Adventure,Nintendo EPD,TOTK,The Legend of Zelda,totk|tears.of.the.kingdom|zelda.totk
The Legend of Zelda Ocarina of Time,legend of zelda ocarina of time,N64,N64,1998,Action-Adventure,Nintendo EAD,OOT,The Legend of Zelda,oot|ocarina.of.time|zelda.oot
The Legend of Zelda Majora's Mask,legend of zelda majoras mask,N64,N64,2000,Action-Adventure,Nintendo EAD,MM,The Legend of Zelda,mm|majoras.mask|zelda.mm
The Legend of Zelda A Link to the Past,legend of zelda link to the past,SNES,SNES,1991,Action-Adventure,Nintendo,ALttP,The Legend of Zelda,alttp|link.to.the.past|zelda.alttp
Zelda The Wind Waker,legend of zelda wind waker,GC,GC,2002,Action-Adventure,Nintendo EAD,WW,The Legend of Zelda,wind.waker|zelda.ww
Zelda Twilight Princess,legend of zelda twilight princess,Wii,Wii,2006,Action-Adventure,Nintendo EAD,TP,The Legend of Zelda,twilight.princess|zelda.tp
Pokemon Scarlet,pokemon scarlet,Switch,Switch,2022,RPG,Game Freak,,Pokemon,pokemon.scarlet
Pokemon Violet,pokemon violet,Switch,Switch,2022,RPG,Game Freak,,Pokemon,pokemon.violet
Pokemon Legends Arceus,pokemon legends arceus,Switch,Switch,2022,RPG,Game Freak,Legends Arceus,Pokemon,legends.arceus|pokemon.legends.arceus
Pokemon Sword,pokemon sword,Switch,Switch,2019,RPG,Game Freak,,Pokemon,pokemon.sword
Pokemon Shield,pokemon shield,Switch,Switch,2019,RPG,Game Freak,,Pokemon,pokemon.shield
Pokemon Brilliant Diamond,pokemon brilliant diamond,Switch,Switch,2021,RPG,ILCA,Pokemon BD,Pokemon,pokemon.brilliant.diamond
Pokemon Shining Pearl,pokemon shining pearl,Switch,Switch,2021,RPG,ILCA,Pokemon SP,Pokemon,pokemon.shining.pearl
Pokemon Let's Go Pikachu,pokemon lets go pikachu,Switch,Switch,2018,RPG,Game Freak,Lets Go Pikachu,Pokemon,pokemon.lets.go.pikachu
Pokemon Let's Go Eevee,pokemon lets go eevee,Switch,Switch,2018,RPG,Game Freak,Lets Go Eevee,Pokemon,pokemon.lets.go.eevee
Pokemon Emerald,pokemon emerald,GBA,GBA,2004,RPG,Game Freak,,Pokemon,pokemon.emerald
Pokemon Ruby,pokemon ruby,GBA,GBA,2002,RPG,Game Freak,,Pokemon,pokemon.ruby
Pokemon Sapphire,pokemon sapphire,GBA,GBA,2002,RPG,Game Freak,,Pokemon,pokemon.sapphire
Pokemon FireRed,pokemon firered,GBA,GBA,2004,RPG,Game Freak,Pokemon FR,Pokemon,pokemon.firered
Pokemon LeafGreen,pokemon leafgreen,GBA,GBA,2004,RPG,Game Freak,Pokemon LG,Pokemon,pokemon.leafgreen
Pokemon Crystal,pokemon crystal,GBC,GBC,2000,RPG,Game Freak,,Pokemon,pokemon.crystal
Pokemon Gold,pokemon gold,GBC,GBC,1999,RPG,Game Freak,,Pokemon,pokemon.gold
Pokemon Silver,pokemon silver,GBC,GBC,1999,RPG,Game Freak,,Pokemon,pokemon.silver
Pokemon Yellow,pokemon yellow,GBC,GBC,1998,RPG,Game Freak,,Pokemon,pokemon.yellow
Pokemon Blue,pokemon blue,GB,GB,1996,RPG,Game Freak,,Pokemon,pokemon.blue
Pokemon Red,pokemon red,GB,GB,1996,RPG,Game Freak,,Pokemon,pokemon.red
Pokemon Platinum,pokemon platinum,DS,DS,2008,RPG,Game Freak,,Pokemon,pokemon.platinum
Pokemon Diamond,pokemon diamond,DS,DS,2006,RPG,Game Freak,,Pokemon,pokemon.diamond
Pokemon Pearl,pokemon pearl,DS,DS,2006,RPG,Game Freak,,Pokemon,pokemon.pearl
Pokemon Black,pokemon black,DS,DS,2010,RPG,Game Freak,,Pokemon,pokemon.black
Pokemon White,pokemon white,DS,DS,2010,RPG,Game Freak,,Pokemon,pokemon.white
Pokemon Black 2,pokemon black 2,DS,DS,2012,RPG,Game Freak,,Pokemon,pokemon.black.2
Pokemon White 2,pokemon white 2,DS,DS,2012,RPG,Game Freak,,Pokemon,pokemon.white.2
Pokemon X,pokemon x,3DS,3DS,2013,RPG,Game Freak,,Pokemon,pokemon.x
Pokemon Y,pokemon y,3DS,3DS,2013,RPG,Game Freak,,Pokemon,pokemon.y
Pokemon Omega Ruby,pokemon omega ruby,3DS,3DS,2014,RPG,Game Freak,,Pokemon,pokemon.omega.ruby
Pokemon Alpha Sapphire,pokemon alpha sapphire,3DS,3DS,2014,RPG,Game Freak,,Pokemon,pokemon.alpha.sapphire
Pokemon Sun,pokemon sun,3DS,3DS,2016,RPG,Game Freak,,Pokemon,pokemon.sun
Pokemon Moon,pokemon moon,3DS,3DS,2016,RPG,Game Freak,,Pokemon,pokemon.moon
Pokemon Ultra Sun,pokemon ultra sun,3DS,3DS,2017,RPG,Game Freak,,Pokemon,pokemon.ultra.sun
Pokemon Ultra Moon,pokemon ultra moon,3DS,3DS,2017,RPG,Game Freak,,Pokemon,pokemon.ultra.moon
Metroid Dread,metroid dread,Switch,Switch,2021,Metroidvania,MercurySteam,,Metroid,metroid.dread
Metroid Prime Remastered,metroid prime remastered,Switch,Switch,2023,FPS,Retro Studios,Metroid Prime,Metroid,metroid.prime.remastered
Super Metroid,super metroid,SNES,SNES,1994,Metroidvania,Nintendo R&D1,Metroid 3,Metroid,super.metroid|metroid.3
Metroid Fusion,metroid fusion,GBA,GBA,2002,Metroidvania,Nintendo R&D1,,Metroid,metroid.fusion
Metroid Zero Mission,metroid zero mission,GBA,GBA,2004,Metroidvania,Nintendo R&D1,Metroid 1 Remake,Metroid,metroid.zero.mission
Metroid Prime,metroid prime,GC,GC,2002,FPS,Retro Studios,,Metroid,metroid.prime
Metroid Prime 2 Echoes,metroid prime 2 echoes,GC,GC,2004,FPS,Retro Studios,Metroid Prime 2,Metroid,metroid.prime.2|metroid.prime.2.echoes
Metroid Prime 3 Corruption,metroid prime 3 corruption,Wii,Wii,2007,FPS,Retro Studios,Metroid Prime 3,Metroid,metroid.prime.3|metroid.prime.3.corruption
Kirby and the Forgotten Land,kirby and the forgotten land,Switch,Switch,2022,Platformer,HAL Laboratory,Kirby,Kirby,kirby.and.the.forgotten.land
Kirby Star Allies,kirby star allies,Switch,Switch,2018,Platformer,HAL Laboratory,,Kirby,kirby.star.allies
Kirby's Return to Dream Land,kirbys return to dream land,Wii,Wii,2011,Platformer,HAL Laboratory,Kirby Wii,Kirby,kirbys.return.to.dream.land|kirby.wii
Kirby Super Star,kirby super star,SNES,SNES,1996,Platformer,HAL Laboratory,,Kirby,kirby.super.star|kirby.superstar
Kirby's Dream Land,kirbys dream land,GB,GB,1992,Platformer,HAL Laboratory,Kirby 1,Kirby,kirbys.dream.land|kirby.1
Donkey Kong Country,donkey kong country,SNES,SNES,1994,Platformer,Rare,DKC,Donkey Kong,donkey.kong.country|dkc
Donkey Kong Country 2,donkey kong country 2,SNES,SNES,1995,Platformer,Rare,DKC2,Donkey Kong,donkey.kong.country.2|dkc2
Donkey Kong Country 3,donkey kong country 3,SNES,SNES,1996,Platformer,Rare,DKC3,Donkey Kong,donkey.kong.country.3|dkc3
Donkey Kong Country Returns,donkey kong country returns,Wii,Wii,2010,Platformer,Retro Studios,DKCR,Donkey Kong,donkey.kong.country.returns|dkcr
Donkey Kong Country Tropical Freeze,donkey kong country tropical freeze,Wii U,WiiU,2014,Platformer,Retro Studios,DKCTF,Donkey Kong,donkey.kong.country.tropical.freeze|dkctf
Paper Mario,paper mario,N64,N64,2000,RPG,Intelligent Systems,Paper Mario 64,Paper Mario,paper.mario|paper.mario.64
Paper Mario The Thousand-Year Door,paper mario ttyd,GC,GC,2004,RPG,Intelligent Systems,TTYD,Paper Mario,paper.mario.ttyd|ttyd|paper.mario.the.thousand.year.door
Super Paper Mario,super paper mario,Wii,Wii,2007,Platformer,Intelligent Systems,,Paper Mario,super.paper.mario
Paper Mario Sticker Star,paper mario sticker star,3DS,3DS,2012,RPG,Intelligent Systems,,Paper Mario,paper.mario.sticker.star
Paper Mario Color Splash,paper mario color splash,Wii U,WiiU,2016,RPG,Intelligent Systems,,Paper Mario,paper.mario.color.splash
Paper Mario The Origami King,paper mario origami king,Switch,Switch,2020,RPG,Intelligent Systems,Origami King,Paper Mario,paper.mario.the.origami.king|origami.king
Mario Party Superstars,mario party superstars,Switch,Switch,2021,Party,NDcube,Mario Party,Mario Party,mario.party.superstars
Mario Party,mario party,N64,N64,1998,Party,Hudson,Mario Party 1,Mario Party,mario.party|mario.party.1
Mario Party 2,mario party 2,N64,N64,2000,Party,Hudson,,Mario Party,mario.party.2
Mario Party 3,mario party 3,N64,N64,2001,Party,Hudson,,Mario Party,mario.party.3
Mario Party 4,mario party 4,GC,GC,2002,Party,Hudson,,Mario Party,mario.party.4
Mario Party 5,mario party 5,GC,GC,2003,Party,Hudson,,Mario Party,mario.party.5
Mario Party 6,mario party 6,GC,GC,2004,Party,Hudson,,Mario Party,mario.party.6
Mario Party 7,mario party 7,GC,GC,2005,Party,Hudson,,Mario Party,mario.party.7
Mario Party 8,mario party 8,Wii,Wii,2007,Party,Hudson,,Mario Party,mario.party.8
Mario Party 9,mario party 9,Wii,Wii,2012,Party,NDcube,,Mario Party,mario.party.9
Mario Party 10,mario party 10,Wii U,WiiU,2015,Party,NDcube,,Mario Party,mario.party.10
Luigi's Mansion,luigis mansion,GC,GC,2001,Adventure,Nintendo,,Luigi's Mansion,luigis.mansion|luigis.mansion.1
Luigi's Mansion Dark Moon,luigis mansion dark moon,3DS,3DS,2013,Adventure,Next Level Games,Luigi's Mansion 2,Luigi's Mansion,luigis.mansion.dark.moon|luigis.mansion.2
Luigi's Mansion 3,luigis mansion 3,Switch,Switch,2019,Adventure,Next Level Games,,Luigi's Mansion,luigis.mansion.3
Fire Emblem Engage,fire emblem engage,Switch,Switch,2023,Strategy,Intelligent Systems,,Fire Emblem,fire.emblem.engage
Fire Emblem Three Houses,fire emblem three houses,Switch,Switch,2019,Strategy,Intelligent Systems,FE3H,Fire Emblem,fire.emblem.three.houses|fe3h
Fire Emblem Awakening,fire emblem awakening,3DS,3DS,2012,Strategy,Intelligent Systems,FEA,Fire Emblem,fire.emblem.awakening|fea
Fire Emblem Fates,fire emblem fates,3DS,3DS,2015,Strategy,Intelligent Systems,FE Fates,Fire Emblem,fire.emblem.fates
Fire Emblem Path of Radiance,fire emblem path of radiance,GC,GC,2005,Strategy,Intelligent Systems,FE9,Fire Emblem,fire.emblem.path.of.radiance|fe9
Fire Emblem Radiant Dawn,fire emblem radiant dawn,Wii,Wii,2007,Strategy,Intelligent Systems,FE10,Fire Emblem,fire.emblem.radiant.dawn|fe10
Fire Emblem The Sacred Stones,fire emblem sacred stones,GBA,GBA,2004,Strategy,Intelligent Systems,FE8,Fire Emblem,fire.emblem.sacred.stones|fe8
Fire Emblem Blazing Blade,fire emblem blazing blade,GBA,GBA,2003,Strategy,Intelligent Systems,FE7,Fire Emblem,fire.emblem.blazing.blade|fe7
Xenoblade Chronicles 3,xenoblade chronicles 3,Switch,Switch,2022,RPG,Monolith Soft,XC3,Xenoblade,xenoblade.chronicles.3|xc3
Xenoblade Chronicles 2,xenoblade chronicles 2,Switch,Switch,2017,RPG,Monolith Soft,XC2,Xenoblade,xenoblade.chronicles.2|xc2
Xenoblade Chronicles,xenoblade chronicles,Wii,Wii,2010,RPG,Monolith Soft,XC1,Xenoblade,xenoblade.chronicles|xc|xenoblade.1
Xenoblade Chronicles Definitive,xenoblade chronicles definitive,Switch,Switch,2020,RPG,Monolith Soft,XCDE,Xenoblade,xenoblade.chronicles.definitive.edition|xcde
Animal Crossing New Horizons,animal crossing new horizons,Switch,Switch,2020,Simulation,Nintendo EPD,ACNH,Animal Crossing,animal.crossing.new.horizons|acnh
Animal Crossing New Leaf,animal crossing new leaf,3DS,3DS,2012,Simulation,Nintendo EAD,ACNL,Animal Crossing,animal.crossing.new.leaf|acnl
Animal Crossing Wild World,animal crossing wild world,DS,DS,2005,Simulation,Nintendo EAD,ACWW,Animal Crossing,animal.crossing.wild.world|acww
Splatoon 3,splatoon 3,Switch,Switch,2022,Shooter,Nintendo,,Splatoon,splatoon.3
Splatoon 2,splatoon 2,Switch,Switch,2017,Shooter,Nintendo,,Splatoon,splatoon.2
Splatoon,splatoon,Wii U,WiiU,2015,Shooter,Nintendo,Splatoon 1,Splatoon,splatoon|splatoon.1
Pikmin 4,pikmin 4,Switch,Switch,2023,Strategy,Nintendo,,Pikmin,pikmin.4
Pikmin 3,pikmin 3,Wii U,WiiU,2013,Strategy,Nintendo,,Pikmin,pikmin.3
Pikmin 2,pikmin 2,GC,GC,2004,Strategy,Nintendo,,Pikmin,pikmin.2
Pikmin,pikmin,GC,GC,2001,Strategy,Nintendo,Pikmin 1,Pikmin,pikmin|pikmin.1
ARMS,arms,Switch,Switch,2017,Fighting,Nintendo,,ARMS,arms
Ring Fit Adventure,ring fit adventure,Switch,Switch,2019,Fitness,Nintendo EPD,Ring Fit,Ring Fit,ring.fit.adventure|ring.fit
Wii Sports,wii sports,Wii,Wii,2006,Sports,Nintendo EAD,WiiSports,Wii Sports,wii.sports|wiisports
Wii Sports Resort,wii sports resort,Wii,Wii,2009,Sports,Nintendo,WiiSports Resort,Wii Sports,wii.sports.resort
Super Mario 3D All-Stars,super mario 3d all stars,Switch,Switch,2020,Compilation,Nintendo,Mario 3D All-Stars,Super Mario,super.mario.3d.all.stars|mario.3d.all.stars
Super Mario All-Stars,super mario all stars,SNES,SNES,1993,Compilation,Nintendo EAD,,Super Mario,super.mario.all.stars|mario.all.stars
Chrono Trigger,chrono trigger,SNES,SNES,1995,RPG,Square,CT,Chrono,chrono.trigger|ct
Chrono Cross,chrono cross,PS1,PS1,1999,RPG,Square,,Chrono,chrono.cross
Secret of Mana,secret of mana,SNES,SNES,1993,Action RPG,Square,SoM,Secret of Mana,secret.of.mana|secret.of.mana.snes|som
Trials of Mana,trials of mana,SNES,SNES,1995,Action RPG,Square,Seiken Densetsu 3,Trials of Mana,seiken.densetsu.3|trials.of.mana.snes|sd3
Final Fantasy 16,final fantasy 16,PS5,PS5,2023,Action RPG,Square Enix,FF16,Final Fantasy,final.fantasy.16|ff16
Final Fantasy 7 Rebirth,final fantasy 7 rebirth,PS5,PS5,2024,Action RPG,Square Enix,FF7 Rebirth,Final Fantasy,final.fantasy.7.rebirth|ff7.rebirth
Final Fantasy 7 Remake,final fantasy 7 remake,PS4,PS4,2020,Action RPG,Square Enix,FF7 Remake,Final Fantasy,final.fantasy.7.remake|ff7.remake
Final Fantasy 7,final fantasy 7,PS1,PS1,1997,RPG,Square,FF7,Final Fantasy,final.fantasy.7|ff7
Final Fantasy 8,final fantasy 8,PS1,PS1,1999,RPG,Square,FF8,Final Fantasy,final.fantasy.8|ff8
Final Fantasy 9,final fantasy 9,PS1,PS1,2000,RPG,Square,FF9,Final Fantasy,final.fantasy.9|ff9
Final Fantasy 10,final fantasy 10,PS2,PS2,2001,RPG,Square,FF10,Final Fantasy,final.fantasy.10|ff10|ffx
Final Fantasy 10-2,final fantasy 10 2,PS2,PS2,2003,RPG,Square,FFX-2,Final Fantasy,final.fantasy.10.2|ff10.2|ffx2
Final Fantasy 12,final fantasy 12,PS2,PS2,2006,RPG,Square Enix,FF12,Final Fantasy,final.fantasy.12|ff12|ffxii
Final Fantasy 13,final fantasy 13,PS3,PS3,2009,RPG,Square Enix,FF13,Final Fantasy,final.fantasy.13|ff13|ffxiii
Final Fantasy 15,final fantasy 15,PS4,PS4,2016,Action RPG,Square Enix,FF15,Final Fantasy,final.fantasy.15|ff15|ffxv
Final Fantasy 1,final fantasy 1,NES,NES,1987,RPG,Square,FF1,Final Fantasy,final.fantasy.1|ff1
Final Fantasy 2,final fantasy 2,NES,NES,1988,RPG,Square,FF2,Final Fantasy,final.fantasy.2|ff2
Final Fantasy 3,final fantasy 3,SNES,SNES,1994,RPG,Square,FF3|FF6,Final Fantasy,final.fantasy.3|ff3|final.fantasy.6|ff6
Final Fantasy 4,final fantasy 4,SNES,SNES,1991,RPG,Square,FF4,Final Fantasy,final.fantasy.4|ff4
Final Fantasy 5,final fantasy 5,SNES,SNES,1992,RPG,Square,FF5,Final Fantasy,final.fantasy.5|ff5
Final Fantasy 6,final fantasy 6,SNES,SNES,1994,RPG,Square,FF6,Final Fantasy,final.fantasy.6|ff6
Final Fantasy Tactics,final fantasy tactics,PS1,PS1,1997,Strategy RPG,Square,FFT,Final Fantasy,final.fantasy.tactics|fft
Kingdom Hearts 3,kingdom hearts 3,PS4,PS4,2019,Action RPG,Square Enix,KH3,Kingdom Hearts,kingdom.hearts.3|kh3
Kingdom Hearts 2,kingdom hearts 2,PS2,PS2,2005,Action RPG,Square Enix,KH2,Kingdom Hearts,kingdom.hearts.2|kh2
Kingdom Hearts,kingdom hearts,PS2,PS2,2002,Action RPG,Square Enix,KH1,Kingdom Hearts,kingdom.hearts|kh|kh1
Dragon Quest 11,dragon quest 11,PS4,PS4,2017,RPG,Square Enix,DQ11,Dragon Quest,dragon.quest.11|dq11
Dragon Quest 8,dragon quest 8,PS2,PS2,2004,RPG,Level-5,DQ8,Dragon Quest,dragon.quest.8|dq8
Dragon Quest 7,dragon quest 7,PS1,PS1,2000,RPG,Heartbeat,DQ7,Dragon Quest,dragon.quest.7|dq7
Dragon Quest 3,dragon quest 3,NES,NES,1988,RPG,Chunsoft,DQ3,Dragon Quest,dragon.quest.3|dq3
Nier Automata,nier automata,PS4,PS4,2017,Action RPG,PlatinumGames,Nier 2,Nier,nier.automata
Nier Replicant,nier replicant,PS4,PS4,2021,Action RPG,Toylogic,Nier 1 Remaster,Nier,nier.replicant
Octopath Traveler,octopath traveler,Switch,Switch,2018,RPG,Square Enix,,Octopath,octopath.traveler
Octopath Traveler 2,octopath traveler 2,Switch,Switch,2023,RPG,Square Enix,Octopath 2,Octopath,octopath.traveler.2|octopath.2
Triangle Strategy,triangle strategy,Switch,Switch,2022,Strategy RPG,Artdink,,Triangle,triangle.strategy
Bravely Default,bravely default,3DS,3DS,2012,RPG,Square Enix,Bravely 1,Bravely,bravely.default|bravely.1
Bravely Second,bravely second,3DS,3DS,2015,RPG,Square Enix,Bravely 2,Bravely,bravely.second|bravely.2
Bravely Default 2,bravely default 2,Switch,Switch,2021,RPG,Square Enix,Bravely 3,Bravely,bravely.default.2|bravely.3
Live A Live,live a live,SNES,SNES,1994,RPG,Square,LiveALive,Live A Live,live.a.live
Live A Live Remake,live a live remake,Switch,Switch,2022,RPG,Square Enix,LiveALive HD,Live A Live,live.a.live.remake
Star Ocean,star ocean,SNES,SNES,1996,RPG,tri-Ace,SO1,Star Ocean,star.ocean|star.ocean.1|so1
Star Ocean 2,star ocean 2,PS1,PS1,1998,RPG,tri-Ace,SO2,Star Ocean,star.ocean.2|so2
Star Ocean 3,star ocean 3,PS2,PS2,2003,RPG,tri-Ace,SO3,Star Ocean,star.ocean.3|so3
Star Ocean 4,star ocean 4,X360,X360,2009,RPG,tri-Ace,SO4,Star Ocean,star.ocean.4|so4
Star Ocean 5,star ocean 5,PS4,PS4,2016,RPG,tri-Ace,SO5,Star Ocean,star.ocean.5|so5
Star Ocean 6,star ocean 6,PS5,PS5,2022,RPG,tri-Ace,SO6,Star Ocean,star.ocean.6|so6
Valkyrie Profile,valkyrie profile,PS1,PS1,1999,RPG,tri-Ace,VP1,Valkyrie,valkyrie.profile|vp|valkyrie.profile.1
Valkyrie Profile 2,valkyrie profile 2,PS2,PS2,2006,RPG,tri-Ace,VP2,Valkyrie,valkyrie.profile.2|vp2
Valkyria Chronicles,valkyria chronicles,PS3,PS3,2008,Strategy RPG,Sega,VC1,Valkyria,valkyria.chronicles|vc|valkyria.chronicles.1
Valkyria Chronicles 4,valkyria chronicles 4,PS4,PS4,2018,Strategy RPG,Sega,VC4,Valkyria,valkyria.chronicles.4|vc4
Resident Evil Village,resident evil village,PS5,PS5,2021,Survival Horror,Capcom,RE8,Resident Evil,re8|resident.evil.village
Resident Evil 7,resident evil 7,PS4,PS4,2017,Survival Horror,Capcom,RE7,Resident Evil,re7|resident.evil.7
Resident Evil 2 Remake,resident evil 2 remake,PS4,PS4,2019,Survival Horror,Capcom,RE2 Remake,Resident Evil,re2.remake
Resident Evil 3 Remake,resident evil 3 remake,PS4,PS4,2020,Survival Horror,Capcom,RE3 Remake,Resident Evil,re3.remake
Resident Evil 4 Remake,resident evil 4 remake,PS5,PS5,2023,Survival Horror,Capcom,RE4 Remake,Resident Evil,re4.remake
Resident Evil 4,resident evil 4,GC,GC,2005,Survival Horror,Capcom,RE4 Original,Resident Evil,re4|resident.evil.4.original
Resident Evil 2,resident evil 2,PS1,PS1,1998,Survival Horror,Capcom,RE2 Original,Resident Evil,re2|resident.evil.2.original
Resident Evil 3,resident evil 3,PS1,PS1,1999,Survival Horror,Capcom,RE3 Nemesis,Resident Evil,re3|resident.evil.3.nemesis|re3.nemesis
Resident Evil Code Veronica,resident evil code veronica,DC,DC,2000,Survival Horror,Capcom,RE CV,Resident Evil,re.code.veronica|code.veronica
Resident Evil 5,resident evil 5,PS3,PS3,2009,Survival Horror,Capcom,RE5,Resident Evil,re5|resident.evil.5
Resident Evil 6,resident evil 6,PS3,PS3,2012,Survival Horror,Capcom,RE6,Resident Evil,re6|resident.evil.6
Devil May Cry 5,devil may cry 5,PS4,PS4,2019,Hack and Slash,Capcom,DMC5,Devil May Cry,dmc5|devil.may.cry.5
Devil May Cry 4,devil may cry 4,PS3,PS3,2008,Hack and Slash,Capcom,DMC4,Devil May Cry,dmc4|devil.may.cry.4
Devil May Cry 3,devil may cry 3,PS2,PS2,2005,Hack and Slash,Capcom,DMC3,Devil May Cry,dmc3|devil.may.cry.3
Devil May Cry,devil may cry,PS2,PS2,2001,Hack and Slash,Capcom,DMC1,Devil May Cry,dmc|dmc1|devil.may.cry.1
DmC Devil May Cry,dmc devil may cry,PS3,PS3,2013,Hack and Slash,Ninja Theory,DmC Reboot,Devil May Cry,dmc.reboot|dmc.devil.may.cry
Monster Hunter Rise,monster hunter rise,Switch,Switch,2021,Action RPG,Capcom,MH Rise,Monster Hunter,mh.rise|monster.hunter.rise
Monster Hunter World,monster hunter world,PS4,PS4,2018,Action RPG,Capcom,MHW,Monster Hunter,mhw|monster.hunter.world
Street Fighter 6,street fighter 6,PC,PC,2023,Fighting,Capcom,SF6,Street Fighter,sf6|street.fighter.6
Street Fighter 5,street fighter 5,PS4,PS4,2016,Fighting,Capcom,SF5,Street Fighter,sf5|street.fighter.5
Street Fighter 4,street fighter 4,PS3,PS3,2009,Fighting,Capcom,SF4,Street Fighter,sf4|street.fighter.4
Street Fighter 3 Third Strike,street fighter 3 third strike,Arcade,ARC,1999,Fighting,Capcom,SF3 TS,Street Fighter,sf3|street.fighter.3|sf3.third.strike
Street Fighter 2,street fighter 2,Arcade,ARC,1991,Fighting,Capcom,SF2,Street Fighter,sf2|street.fighter.2
Super Street Fighter 2 Turbo,super street fighter 2 turbo,Arcade,ARC,1994,Fighting,Capcom,SSF2T,Street Fighter,ssf2t|super.street.fighter.2.turbo
Ultra Street Fighter 4,ultra street fighter 4,PS3,PS3,2014,Fighting,Capcom,USF4,Street Fighter,usf4|ultra.street.fighter.4
Street Fighter Alpha 3,street fighter alpha 3,Arcade,ARC,1998,Fighting,Capcom,SFA3,Street Fighter,sfa3|street.fighter.alpha.3|sf.alpha.3
Street Fighter Alpha 2,street fighter alpha 2,Arcade,ARC,1996,Fighting,Capcom,SFA2,Street Fighter,sfa2|street.fighter.alpha.2
Street Fighter Alpha,street fighter alpha,Arcade,ARC,1995,Fighting,Capcom,SFA1,Street Fighter,sfa|street.fighter.alpha|sf.alpha
Street Fighter X Tekken,street fighter x tekken,PS3,PS3,2012,Fighting,Capcom,SFxT,Street Fighter,sfxt|street.fighter.x.tekken
Tekken 8,tekken 8,PS5,PS5,2024,Fighting,Bandai Namco,T8,Tekken,tekken.8|t8
Tekken 7,tekken 7,PS4,PS4,2017,Fighting,Bandai Namco,T7,Tekken,tekken.7|t7
Tekken 6,tekken 6,PS3,PS3,2009,Fighting,Bandai Namco,T6,Tekken,tekken.6|t6
Tekken 5,tekken 5,PS2,PS2,2005,Fighting,Namco,T5,Tekken,tekken.5|t5
Tekken 4,tekken 4,PS2,PS2,2002,Fighting,Namco,T4,Tekken,tekken.4|t4
Tekken 3,tekken 3,Arcade,ARC,1997,Fighting,Namco,T3,Tekken,tekken.3|t3
Tekken 2,tekken 2,Arcade,ARC,1995,Fighting,Namco,T2,Tekken,tekken.2|t2
Tekken,tekken,Arcade,ARC,1994,Fighting,Namco,T1,Tekken,tekken|tekken.1|t1
Tekken Tag Tournament 2,tekken tag tournament 2,PS3,PS3,2012,Fighting,Bandai Namco,TTT2,Tekken,ttt2|tekken.tag.tournament.2
Tekken Tag Tournament,tekken tag tournament,PS2,PS2,2000,Fighting,Namco,TTT1,Tekken,ttt|tekken.tag.tournament|ttt1
Soulcalibur 6,soulcalibur 6,PS4,PS4,2018,Fighting,Bandai Namco,SC6,Soulcalibur,sc6|soulcalibur.6
Soulcalibur 5,soulcalibur 5,PS3,PS3,2012,Fighting,Namco,SC5,Soulcalibur,sc5|soulcalibur.5
Soulcalibur 4,soulcalibur 4,PS3,PS3,2008,Fighting,Namco,SC4,Soulcalibur,sc4|soulcalibur.4
Soulcalibur 3,soulcalibur 3,PS2,PS2,2005,Fighting,Namco,SC3,Soulcalibur,sc3|soulcalibur.3
Soulcalibur 2,soulcalibur 2,PS2,PS2,2002,Fighting,Namco,SC2,Soulcalibur,sc2|soulcalibur.2
Soulcalibur,soulcalibur,DC,DC,1998,Fighting,Namco,SC1|Soul Edge 2,Soulcalibur,sc|soulcalibur.1|sc1
Soul Edge,soul edge,Arcade,ARC,1996,Fighting,Namco,Soul Blade,Soul Edge,soul.edge|soul.blade
Mortal Kombat 11,mortal kombat 11,PS4,PS4,2019,Fighting,NetherRealm,MK11,Mortal Kombat,mk11|mortal.kombat.11
Mortal Kombat X,mortal kombat x,PS4,PS4,2015,Fighting,NetherRealm,MKX,Mortal Kombat,mkx|mortal.kombat.x
Mortal Kombat 1,mortal kombat 1,PS5,PS5,2023,Fighting,NetherRealm,MK1|Mortal Kombat 12,Mortal Kombat,mk1|mortal.kombat.1|mk12|mortal.kombat.12
Mortal Kombat 9,mortal kombat 9,PS3,PS3,2011,Fighting,NetherRealm,MK9|Mortal Kombat 2011,Mortal Kombat,mk9|mortal.kombat.9|mortal.kombat.2011
Mortal Kombat 4,mortal kombat 4,Arcade,ARC,1997,Fighting,Midway,MK4,Mortal Kombat,mk4|mortal.kombat.4
Ultimate Mortal Kombat 3,ultimate mortal kombat 3,Arcade,ARC,1996,Fighting,Midway,UMK3|Mortal Kombat 3,Mortal Kombat,umk3|ultimate.mortal.kombat.3|mk3|mortal.kombat.3
Mortal Kombat 2,mortal kombat 2,Arcade,ARC,1993,Fighting,Midway,MK2,Mortal Kombat,mk2|mortal.kombat.2
Mortal Kombat,mortal kombat,Arcade,ARC,1992,Fighting,Midway,MK1|Mortal Kombat 1 Arcade,Mortal Kombat,mk|mk1|mortal.kombat.1
Injustice 2,injustice 2,PS4,PS4,2017,Fighting,NetherRealm,,Injustice,injustice.2|injustice2
Injustice Gods Among Us,injustice gods among us,PS3,PS3,2013,Fighting,NetherRealm,Injustice 1,Injustice,injustice.1|injustice|injustice.gods.among.us
Guilty Gear Strive,guilty gear strive,PS5,PS5,2021,Fighting,Arc System Works,GGStrive,Guilty Gear,ggstrive|guilty.gear.strive
Guilty Gear Xrd,guilty gear xrd,PS3,PS3,2014,Fighting,Arc System Works,GGXrd,Guilty Gear,ggxrd|guilty.gear.xrd
Guilty Gear XX Accent Core,guilty gear xx accent core,PS2,PS2,2006,Fighting,Arc System Works,GGXXAC,Guilty Gear,ggxxac|guilty.gear.xx.accent.core|ggxx
Guilty Gear X,guilty gear x,Arcade,ARC,2000,Fighting,Arc System Works,GGX,Guilty Gear,ggx|guilty.gear.x
Guilty Gear,guilty gear,PS1,PS1,1998,Fighting,Arc System Works,GG1,Guilty Gear,gg|guilty.gear.1|gg1
Granblue Fantasy Versus,granblue fantasy versus,PS4,PS4,2020,Fighting,Arc System Works,GBVS,Granblue,gbvs|granblue.fantasy.versus
Granblue Fantasy Versus Rising,granblue fantasy versus rising,PS5,PS5,2023,Fighting,Arc System Works,GBVSR,Granblue,gbvsr|granblue.fantasy.versus.rising
The King of Fighters 15,king of fighters 15,PS5,PS5,2022,Fighting,SNK,KOF 15,KOF,kof.15|king.of.fighters.15
The King of Fighters 14,king of fighters 14,PS4,PS4,2016,Fighting,SNK,KOF 14,KOF,kof.14|king.of.fighters.14
The King of Fighters 13,king of fighters 13,Arcade,ARC,2010,Fighting,SNK,KOF 13,KOF,kof.13|king.of.fighters.13
The King of Fighters 2002 Unlimited Match,king of fighters 2002 um,PS2,PS2,2002,Fighting,SNK,KOF 2002 UM,KOF,kof.2002.um|kof.2002.unlimited.match|kof.2002
The King of Fighters 98 Ultimate Match,king of fighters 98 um,PS2,PS2,2008,Fighting,SNK,KOF 98 UM,KOF,kof.98.um|kof.98.unlimited.match|kof.98
The King of Fighters 97,king of fighters 97,Arcade,ARC,1997,Fighting,SNK,KOF 97,KOF,kof.97|king.of.fighters.97
Samurai Shodown,samurai shodown,Arcade,ARC,1993,Fighting,SNK,Samurai Spirit,Samurai Shodown,samurai.shodown|samurai.spirit
Samurai Shodown 2019,samurai shodown 2019,PS4,PS4,2019,Fighting,SNK,Samurai Shodown 7,Samurai Shodown,samurai.shodown.2019|samurai.shodown.7
Garou Mark of the Wolves,garou mark of the wolves,Arcade,ARC,1999,Fighting,SNK,Garou MOTW,Fatal Fury,garou|garou.mark.of.the.wolves|motw
Fatal Fury Special,fatal fury special,Arcade,ARC,1993,Fighting,SNK,Fatal Fury 3,Fatal Fury,fatal.fury.special|fatal.fury.3
Art of Fighting,art of fighting,Arcade,ARC,1992,Fighting,SNK,AOF,Art of Fighting,aof|art.of.fighting|aof1
Art of Fighting 2,art of fighting 2,Arcade,ARC,1994,Fighting,SNK,AOF2,Art of Fighting,aof2|art.of.fighting.2
Last Blade 2,last blade 2,Arcade,ARC,1998,Fighting,SNK,LB2,Last Blade,lb2|last.blade.2
Last Blade,last blade,Arcade,ARC,1997,Fighting,SNK,LB1,Last Blade,lb|last.blade|lb1
Marvel vs Capcom Infinite,marvel vs capcom infinite,PS4,PS4,2017,Fighting,Capcom,MvCI,Marvel vs Capcom,mvci|marvel.vs.capcom.infinite|marvel.vs.capcom.4
Marvel vs Capcom 3,marvel vs capcom 3,PS3,PS3,2011,Fighting,Capcom,Ultimate Marvel vs Capcom 3|UMvC3,Marvel vs Capcom,umvc3|ultimate.marvel.vs.capcom.3|marvel.vs.capcom.3
Marvel vs Capcom 2,marvel vs capcom 2,Arcade,ARC,2000,Fighting,Capcom,MvC2,Marvel vs Capcom,mvc2|marvel.vs.capcom.2
Marvel vs Capcom,marvel vs capcom,Arcade,ARC,1998,Fighting,Capcom,MvC1|Marvel vs Capcom Clash of Super Heroes,Marvel vs Capcom,mvc|marvel.vs.capcom|mvc1
X-Men vs Street Fighter,x men vs street fighter,Arcade,ARC,1996,Fighting,Capcom,XvSF,Marvel vs Capcom,xvsf|x.men.vs.street.fighter|xmen.vs.street.fighter
Marvel Super Heroes vs Street Fighter,marvel super heroes vs sf,Arcade,ARC,1997,Fighting,Capcom,MSHvSF,Marvel vs Capcom,mshvsf|marvel.super.heroes.vs.street.fighter
Super Smash Bros Ultimate,super smash bros ultimate,Switch,Switch,2018,Fighting,Bandai Namco,SSBU,Super Smash Bros,ssbu
Super Smash Bros Melee,super smash bros melee,GC,GC,2001,Fighting,HAL Laboratory,SSBM,Super Smash Bros,ssbm
Super Smash Bros Brawl,super smash bros brawl,Wii,Wii,2008,Fighting,Sora Ltd,SSBB,Super Smash Bros,ssbb
Super Smash Bros for Wii U,smash 4 wii u,Wii U,WiiU,2014,Fighting,Bandai Namco,Smash 4 Wii U|SSB4,Super Smash Bros,ssb4.wii.u|smash.4.wii.u|smash.4
Super Smash Bros for 3DS,smash 4 3ds,3DS,3DS,2014,Fighting,Bandai Namco,Smash 4 3DS|SSB4 3DS,Super Smash Bros,ssb4.3ds|smash.4.3ds
Mario Kart 8 Deluxe,mario kart 8 deluxe,Switch,Switch,2017,Racing,Nintendo EPD,MK8D,Mario Kart,mk8d
Mario Kart 8,mario kart 8,Wii U,WiiU,2014,Racing,Nintendo EAD,Mario Kart Wii U,Mario Kart,mk8
Mario Kart 7,mario kart 7,3DS,3DS,2011,Racing,Nintendo EAD,,Mario Kart,mk7
Mario Kart Wii,mario kart wii,Wii,Wii,2008,Racing,Nintendo EAD,,Mario Kart,mkwii|mkw
Mario Kart DS,mario kart ds,DS,DS,2005,Racing,Nintendo,,Mario Kart,mkds
Mario Kart Double Dash,mario kart double dash,GC,GC,2003,Racing,Nintendo EAD,Mario Kart GCN,Mario Kart,mkdd
Mario Kart Super Circuit,mario kart super circuit,GBA,GBA,2001,Racing,Intelligent Systems,Mario Kart GBA,Mario Kart,mksc
Super Mario Odyssey,super mario odyssey,Switch,Switch,2017,Platformer,Nintendo EPD,Mario Odyssey,Super Mario,super.mario.odyssey
Super Mario 3D World,super mario 3d world,Wii U,WiiU,2013,Platformer,Nintendo EPD,,Super Mario,super.mario.3d.world|sm3dw
Super Mario 3D Land,super mario 3d land,3DS,3DS,2011,Platformer,Nintendo,,Super Mario,super.mario.3d.land|sm3dl
Super Mario Galaxy 2,super mario galaxy 2,Wii,Wii,2010,Platformer,Nintendo EAD,Mario Galaxy 2,Super Mario,super.mario.galaxy.2|mario.galaxy.2|smg2
Super Mario Galaxy,super mario galaxy,Wii,Wii,2007,Platformer,Nintendo EAD,Mario Galaxy,Super Mario,super.mario.galaxy|smg
Super Mario 64,super mario 64,N64,N64,1996,Platformer,Nintendo,Mario 64,Super Mario,sm64|super.mario.64|mario.64
New Super Mario Bros U,new super mario bros u,Wii U,WiiU,2012,Platformer,Nintendo EAD,NSMBU,Super Mario,nsmbu|new.super.mario.bros.u
New Super Mario Bros Wii,new super mario bros wii,Wii,Wii,2009,Platformer,Nintendo EAD,NSMB Wii,Super Mario,nsmb.wii|new.super.mario.bros.wii
New Super Mario Bros 2,new super mario bros 2,3DS,3DS,2012,Platformer,Nintendo EAD,NSMB2,Super Mario,nsmb2|new.super.mario.bros.2
New Super Mario Bros,new super mario bros,DS,DS,2006,Platformer,Nintendo EAD,NSMB1,Super Mario,nsmb|new.super.mario.bros|nsmb1
Super Mario Sunshine,super mario sunshine,GC,GC,2002,Platformer,Nintendo EAD,Mario Sunshine,Super Mario,super.mario.sunshine|sms|mario.sunshine
Super Mario World 2 Yoshis Island,super mario world 2 yoshis island,SNES,SNES,1995,Platformer,Nintendo,Yoshi's Island,Super Mario,smw2|yoshis.island|super.mario.world.2|super.mario.world.2.yoshis.island
Super Mario World,super mario world,SNES,SNES,1990,Platformer,Nintendo EAD,SMW,Super Mario,smw|super.mario.world
Super Mario Bros 3,super mario bros 3,NES,NES,1988,Platformer,Nintendo EAD,SMB3,Super Mario,smb3|super.mario.bros.3
Super Mario Bros 2,super mario bros 2,NES,NES,1988,Platformer,Nintendo,SMB2|Super Mario USA,Super Mario,smb2|super.mario.bros.2|super.mario.usa
Super Mario Bros,super mario bros,NES,NES,1985,Platformer,Nintendo,SMB1|SMB,Super Mario,smb|super.mario.bros|smb1
Super Mario Land 2,super mario land 2,GB,GB,1992,Platformer,Nintendo,SML2,Super Mario,sml2|super.mario.land.2
Super Mario Land,super mario land,GB,GB,1989,Platformer,Nintendo,SML,Super Mario,sml|super.mario.land
The Legend of Zelda Tears of the Kingdom,legend of zelda tears of the kingdom,Switch,Switch,2023,Action-Adventure,Nintendo EPD,TOTK,The Legend of Zelda,totk|zelda.totk|tears.of.the.kingdom
The Legend of Zelda Breath of the Wild,legend of zelda breath of the wild,Switch,Switch,2017,Action-Adventure,Nintendo EPD,BOTW,The Legend of Zelda,botw|zelda.botw|breath.of.the.wild
The Legend of Zelda Skyward Sword HD,legend of zelda skyward sword hd,Switch,Switch,2021,Action-Adventure,Tantalus,Skyward Sword HD,The Legend of Zelda,skyward.sword.hd|zelda.skyward.sword.hd
The Legend of Zelda Skyward Sword,legend of zelda skyward sword,Wii,Wii,2011,Action-Adventure,Nintendo EAD,Skyward Sword,The Legend of Zelda,skyward.sword|zelda.skyward.sword
The Legend of Zelda Twilight Princess HD,legend of zelda twilight princess hd,Wii U,WiiU,2016,Action-Adventure,Tantalus,Twilight Princess HD,The Legend of Zelda,twilight.princess.hd|tp.hd|zelda.twilight.princess.hd
The Legend of Zelda Twilight Princess,legend of zelda twilight princess,Wii,Wii,2006,Action-Adventure,Nintendo EAD,TP,The Legend of Zelda,twilight.princess|tp|zelda.twilight.princess
The Legend of Zelda Wind Waker HD,legend of zelda wind waker hd,Wii U,WiiU,2013,Action-Adventure,Nintendo EAD,Wind Waker HD,The Legend of Zelda,wind.waker.hd|ww.hd|zelda.wind.waker.hd
The Legend of Zelda Wind Waker,legend of zelda wind waker,GC,GC,2002,Action-Adventure,Nintendo EAD,WW,The Legend of Zelda,wind.waker|ww|zelda.wind.waker
The Legend of Zelda Majoras Mask 3D,legend of zelda majoras mask 3d,3DS,3DS,2015,Action-Adventure,Grezzo,MM3D,The Legend of Zelda,majoras.mask.3d|mm3d|zelda.majoras.mask.3d
The Legend of Zelda Majoras Mask,legend of zelda majoras mask,N64,N64,2000,Action-Adventure,Nintendo EAD,MM,The Legend of Zelda,majoras.mask|mm|zelda.majoras.mask|zelda.mm
The Legend of Zelda Ocarina of Time 3D,legend of zelda ocarina of time 3d,3DS,3DS,2011,Action-Adventure,Grezzo,OOT3D,The Legend of Zelda,ocarina.of.time.3d|oot3d|zelda.ocarina.of.time.3d
The Legend of Zelda Ocarina of Time,legend of zelda ocarina of time,N64,N64,1998,Action-Adventure,Nintendo EAD,OOT,The Legend of Zelda,ocarina.of.time|oot|zelda.ocarina.of.time|zelda.oot
The Legend of Zelda A Link Between Worlds,legend of zelda link between worlds,3DS,3DS,2013,Action-Adventure,Nintendo EAD,ALBW,The Legend of Zelda,albw|zelda.albw|a.link.between.worlds
The Legend of Zelda A Link to the Past,legend of zelda link to the past,SNES,SNES,1991,Action-Adventure,Nintendo,ALttP|LTTP,The Legend of Zelda,alttp|lttp|zelda.alttp|a.link.to.the.past
The Legend of Zelda Links Awakening,legend of zelda links awakening,Switch,Switch,2019,Action-Adventure,Grezzo,Links Awakening Switch,The Legend of Zelda,links.awakening|zelda.links.awakening|la|zelda.la
The Legend of Zelda Links Awakening DX,legend of zelda links awakening dx,GBC,GBC,1998,Action-Adventure,Nintendo,Links Awakening GBC,The Legend of Zelda,links.awakening.dx|ladx|zelda.links.awakening.dx
The Legend of Zelda,legend of zelda,NES,NES,1986,Action-Adventure,Nintendo,Zelda 1|LoZ|TLoZ,The Legend of Zelda,the.legend.of.zelda|zelda.1|zelda|loz|tloz
Zelda II The Adventure of Link,legend of zelda 2,NES,NES,1987,Action-Adventure,Nintendo,Zelda 2|Adventure of Link,The Legend of Zelda,zelda.2|zelda.ii|adventure.of.link|zelda.ii.the.adventure.of.link
Hyrule Warriors Age of Calamity,hyrule warriors age of calamity,Switch,Switch,2020,Hack and Slash,Omega Force,Age of Calamity,Hyrule Warriors,age.of.calamity|hyrule.warriors.age.of.calamity
Hyrule Warriors Definitive Edition,hyrule warriors definitive edition,Switch,Switch,2018,Hack and Slash,Omega Force,Hyrule Warriors DE,Hyrule Warriors,hyrule.warriors.definitive.edition|hyrule.warriors.de
Hyrule Warriors,hyrule warriors,Wii U,WiiU,2014,Hack and Slash,Omega Force,,Hyrule Warriors,hyrule.warriors
Pokemon Scarlet,pokemon scarlet,Switch,Switch,2022,RPG,Game Freak,,Pokemon,pokemon.scarlet
Pokemon Violet,pokemon violet,Switch,Switch,2022,RPG,Game Freak,,Pokemon,pokemon.violet
Pokemon Legends Arceus,pokemon legends arceus,Switch,Switch,2022,RPG,Game Freak,Legends Arceus,Pokemon,legends.arceus|pokemon.legends.arceus|arceus
Pokemon Sword,pokemon sword,Switch,Switch,2019,RPG,Game Freak,,Pokemon,pokemon.sword
Pokemon Shield,pokemon shield,Switch,Switch,2019,RPG,Game Freak,,Pokemon,pokemon.shield
Pokemon Brilliant Diamond,pokemon brilliant diamond,Switch,Switch,2021,RPG,ILCA,Pokemon BD,Pokemon,pokemon.brilliant.diamond|brilliant.diamond
Pokemon Shining Pearl,pokemon shining pearl,Switch,Switch,2021,RPG,ILCA,Pokemon SP,Pokemon,pokemon.shining.pearl|shining.pearl
Pokemon Lets Go Pikachu,pokemon lets go pikachu,Switch,Switch,2018,RPG,Game Freak,Lets Go Pikachu,Pokemon,pokemon.lets.go.pikachu|lets.go.pikachu
Pokemon Lets Go Eevee,pokemon lets go eevee,Switch,Switch,2018,RPG,Game Freak,Lets Go Eevee,Pokemon,pokemon.lets.go.eevee|lets.go.eevee
Pokemon Emerald,pokemon emerald,GBA,GBA,2004,RPG,Game Freak,,Pokemon,pokemon.emerald|emerald
Pokemon Ruby,pokemon ruby,GBA,GBA,2002,RPG,Game Freak,,Pokemon,pokemon.ruby|ruby
Pokemon Sapphire,pokemon sapphire,GBA,GBA,2002,RPG,Game Freak,,Pokemon,pokemon.sapphire|sapphire
Pokemon FireRed,pokemon firered,GBA,GBA,2004,RPG,Game Freak,Pokemon FR|Poke Fire,Pokemon,pokemon.firered|firered|poke.fire
Pokemon LeafGreen,pokemon leafgreen,GBA,GBA,2004,RPG,Game Freak,Pokemon LG|Poke Leaf,Pokemon,pokemon.leafgreen|leafgreen|poke.leaf
Pokemon Crystal,pokemon crystal,GBC,GBC,2000,RPG,Game Freak,,Pokemon,pokemon.crystal|crystal
Pokemon Gold,pokemon gold,GBC,GBC,1999,RPG,Game Freak,,Pokemon,pokemon.gold|gold
Pokemon Silver,pokemon silver,GBC,GBC,1999,RPG,Game Freak,,Pokemon,pokemon.silver|silver
Pokemon Yellow,pokemon yellow,GBC,GBC,1998,RPG,Game Freak,,Pokemon,pokemon.yellow|yellow
Pokemon Blue,pokemon blue,GB,GB,1996,RPG,Game Freak,,Pokemon,pokemon.blue|blue
Pokemon Red,pokemon red,GB,GB,1996,RPG,Game Freak,,Pokemon,pokemon.red|red
Pokemon Platinum,pokemon platinum,DS,DS,2008,RPG,Game Freak,,Pokemon,pokemon.platinum|platinum
Pokemon Diamond,pokemon diamond,DS,DS,2006,RPG,Game Freak,,Pokemon,pokemon.diamond|diamond
Pokemon Pearl,pokemon pearl,DS,DS,2006,RPG,Game Freak,,Pokemon,pokemon.pearl|pearl
Pokemon Black,pokemon black,DS,DS,2010,RPG,Game Freak,,Pokemon,pokemon.black|black
Pokemon White,pokemon white,DS,DS,2010,RPG,Game Freak,,Pokemon,pokemon.white|white
Pokemon Black 2,pokemon black 2,DS,DS,2012,RPG,Game Freak,,Pokemon,pokemon.black.2|black.2
Pokemon White 2,pokemon white 2,DS,DS,2012,RPG,Game Freak,,Pokemon,pokemon.white.2|white.2
Pokemon X,pokemon x,3DS,3DS,2013,RPG,Game Freak,,Pokemon,pokemon.x|x
Pokemon Y,pokemon y,3DS,3DS,2013,RPG,Game Freak,,Pokemon,pokemon.y|y
Pokemon Omega Ruby,pokemon omega ruby,3DS,3DS,2014,RPG,Game Freak,,Pokemon,pokemon.omega.ruby|omega.ruby
Pokemon Alpha Sapphire,pokemon alpha sapphire,3DS,3DS,2014,RPG,Game Freak,,Pokemon,pokemon.alpha.sapphire|alpha.sapphire
Pokemon Sun,pokemon sun,3DS,3DS,2016,RPG,Game Freak,,Pokemon,pokemon.sun|sun
Pokemon Moon,pokemon moon,3DS,3DS,2016,RPG,Game Freak,,Pokemon,pokemon.moon|moon
Pokemon Ultra Sun,pokemon ultra sun,3DS,3DS,2017,RPG,Game Freak,,Pokemon,pokemon.ultra.sun|ultra.sun
Pokemon Ultra Moon,pokemon ultra moon,3DS,3DS,2017,RPG,Game Freak,,Pokemon,pokemon.ultra.moon|ultra.moon
Pokemon Mystery Dungeon DX,pokemon mystery dungeon dx,Switch,Switch,2020,Rogue-lite,Spike Chunsoft,PMD DX,Pokemon,pokemon.mystery.dungeon.dx|mystery.dungeon.dx|pmd.dx
Pokemon Mystery Dungeon Sky,pokemon mystery dungeon sky,DS,DS,2009,Rogue-lite,Chunsoft,PMD Sky,Pokemon,pokemon.mystery.dungeon.sky|mystery.dungeon.sky|explorers.of.sky|pmd.sky
Pokemon Mystery Dungeon Time,pokemon mystery dungeon time,DS,DS,2007,Rogue-lite,Chunsoft,PMD Time,Pokemon,pokemon.mystery.dungeon.time|mystery.dungeon.time|explorers.of.time|pmd.time
Pokemon Mystery Dungeon Darkness,pokemon mystery dungeon darkness,DS,DS,2007,Rogue-lite,Chunsoft,PMD Darkness,Pokemon,pokemon.mystery.dungeon.darkness|mystery.dungeon.darkness|explorers.of.darkness|pmd.darkness
Pokemon Mystery Dungeon Blue,pokemon mystery dungeon blue,GBA,GBA,2005,Rogue-lite,Chunsoft,PMD Blue,Pokemon,pokemon.mystery.dungeon.blue|mystery.dungeon.blue|blue.rescue.team|pmd.blue
Pokemon Mystery Dungeon Red,pokemon mystery dungeon red,GBA,GBA,2005,Rogue-lite,Chunsoft,PMD Red,Pokemon,pokemon.mystery.dungeon.red|mystery.dungeon.red|red.rescue.team|pmd.red
Pokemon Colosseum,pokemon colosseum,GC,GC,2003,RPG,Genius Sonority,,Pokemon,pokemon.colosseum|colosseum
Pokemon XD Gale of Darkness,pokemon xd gale of darkness,GC,GC,2005,RPG,Genius Sonority,Pokemon XD,Pokemon,pokemon.xd|pokemon.xd.gale.of.darkness|xd|gale.of.darkness
Pokemon Snap,pokemon snap,N64,N64,1999,Photography,HAL Laboratory,,Pokemon,pokemon.snap|snap
New Pokemon Snap,new pokemon snap,Switch,Switch,2021,Photography,Bandai Namco,Pokemon Snap 2,Pokemon,new.pokemon.snap|pokemon.snap.2|new.snap
Pokemon Stadium,pokemon stadium,N64,N64,1998,Strategy,Nintendo EAD,Stadium 1,Pokemon,pokemon.stadium|stadium|stadium.1
Pokemon Stadium 2,pokemon stadium 2,N64,N64,2000,Strategy,Nintendo EAD,,Pokemon,pokemon.stadium.2|stadium.2
Pokken Tournament,pokken tournament,Wii U,WiiU,2015,Fighting,Bandai Namco,,Pokemon,pokken.tournament|pokken
Pokken Tournament DX,pokken tournament dx,Switch,Switch,2017,Fighting,Bandai Namco,,Pokemon,pokken.tournament.dx|pokken.dx
Pokemon Unite,pokemon unite,Switch,Switch,2021,MOBA,TiMi Studio,,Pokemon,pokemon.unite|unite
Pokemon Cafe Mix,pokemon cafe mix,Switch,Switch,2020,Puzzle,Genius Sonority,,Pokemon,pokemon.cafe.mix|cafe.mix
Pokemon Shuffle,pokemon shuffle,3DS,3DS,2015,Puzzle,Genius Sonority,,Pokemon,pokemon.shuffle|shuffle
Pokemon Picross,pokemon picross,3DS,3DS,2015,Puzzle,Genius Sonority,,Pokemon,pokemon.picross|picross
Pokemon Rumble,pokemon rumble,Wii,Wii,2009,Action,Ambrella,Rumble Wii,Pokemon,pokemon.rumble|rumble
Pokemon Rumble Blast,pokemon rumble blast,3DS,3DS,2011,Action,Ambrella,Rumble 3DS,Pokemon,pokemon.rumble.blast|rumble.blast
Pokemon Rumble U,pokemon rumble u,Wii U,WiiU,2013,Action,Ambrella,Rumble U,Pokemon,pokemon.rumble.u|rumble.u
Pokemon Rumble Rush,pokemon rumble rush,Mobile,Mobile,2019,Action,Ambrella,Rumble Rush,Pokemon,pokemon.rumble.rush|rumble.rush
Pokemon Rumble World,pokemon rumble world,3DS,3DS,2015,Action,Ambrella,Rumble World,Pokemon,pokemon.rumble.world|rumble.world
Pokemon Conquest,pokemon conquest,DS,DS,2012,Strategy,Tecmo Koei,,Pokemon,pokemon.conquest|conquest
Pokemon Masters EX,pokemon masters ex,Mobile,Mobile,2019,RPG,DeNA,,Pokemon,pokemon.masters.ex|masters.ex|pokemon.masters
Pokemon Sleep,pokemon sleep,Mobile,Mobile,2023,Simulation,SELECT BUTTON,,Pokemon,pokemon.sleep|sleep
Pokemon GO,pokemon go,Mobile,Mobile,2016,AR,Niantic,,Pokemon,pokemon.go|pokemongo|go
Pokemon Trading Card Game,pokemon trading card game,GBC,GBC,1998,Card Game,Hudson,Pokemon TCG,Pokemon,pokemon.trading.card.game|pokemon.tcg|trading.card.game|tcg
Pokemon TCG Pocket,pokemon tcg pocket,Mobile,Mobile,2024,Card Game,Creatures Inc,Pokemon TCG Pocket,Pokemon,pokemon.tcg.pocket|tcg.pocket
Metroid Dread,metroid dread,Switch,Switch,2021,Metroidvania,MercurySteam,,Metroid,metroid.dread|dread
Metroid Prime 4,metroid prime 4,Switch,Switch,2025,FPS,Retro Studios,MP4,Metroid,metroid.prime.4|mp4|prime.4
Metroid Prime Remastered,metroid prime remastered,Switch,Switch,2023,FPS,Retro Studios,MP1 Remastered,Metroid,metroid.prime.remastered|prime.remastered|mp.remastered
Metroid Prime Trilogy,metroid prime trilogy,Wii,Wii,2009,FPS,Retro Studios,MPT,Metroid,metroid.prime.trilogy|prime.trilogy|mpt
Metroid Prime 3 Corruption,metroid prime 3 corruption,Wii,Wii,2007,FPS,Retro Studios,MP3,Metroid,metroid.prime.3|mp3|prime.3|metroid.prime.3.corruption
Metroid Prime 2 Echoes,metroid prime 2 echoes,GC,GC,2004,FPS,Retro Studios,MP2,Metroid,metroid.prime.2|mp2|prime.2|metroid.prime.2.echoes|echoes
Metroid Prime,metroid prime,GC,GC,2002,FPS,Retro Studios,MP1,Metroid,metroid.prime|mp|prime|metroid.prime.1|mp1
Metroid Samus Returns,metroid samus returns,3DS,3DS,2017,Metroidvania,MercurySteam,Samus Returns,Metroid,metroid.samus.returns|samus.returns
Metroid Other M,metroid other m,Wii,Wii,2010,Action,Team Ninja,Other M,Metroid,metroid.other.m|other.m
Metroid Fusion,metroid fusion,GBA,GBA,2002,Metroidvania,Nintendo R&D1,,Metroid,metroid.fusion|fusion
Super Metroid,super metroid,SNES,SNES,1994,Metroidvania,Nintendo R&D1,Metroid 3,Metroid,super.metroid|metroid.3|super.metroid.snes|metroid.snes|sm|smetroid
Metroid Zero Mission,metroid zero mission,GBA,GBA,2004,Metroidvania,Nintendo R&D1,Metroid 1 Remake,Metroid,metroid.zero.mission|zero.mission
Metroid 2 Return of Samus,metroid 2 return of samus,GB,GB,1991,Metroidvania,Nintendo R&D1,Metroid II,Metroid,metroid.2|metroid.ii|metroid.ii.return.of.samus|return.of.samus
Metroid,metroid,NES,NES,1986,Metroidvania,Nintendo R&D1,Metroid 1,Metroid,metroid|metroid.1|metroid.nes|m1|metroid1
Metroid II AM2R,metroid 2 am2r,PC,PC,2016,Metroidvania,DoctorM64,AM2R,Metroid,am2r|metroid.2.am2r
Sonic Frontiers,sonic frontiers,PS5,PS5,2022,Platformer,Sonic Team,,Sonic,sonic.frontiers|frontiers
Sonic Forces,sonic forces,PS4,PS4,2017,Platformer,Sonic Team,,Sonic,sonic.forces|forces
Sonic Mania,sonic mania,PS4,PS4,2017,Platformer,PagodaWest,Sonic Mania Plus,Sonic,sonic.mania|mania
Sonic Generations,sonic generations,PS3,PS3,2011,Platformer,Sonic Team,,Sonic,sonic.generations|generations
Sonic Colors Ultimate,sonic colors ultimate,PS4,PS4,2021,Platformer,Sonic Team,Sonic Colours Ultimate,Sonic,sonic.colors.ultimate|sonic.colours.ultimate|colors.ultimate|colours.ultimate
Sonic Colors,sonic colors,Wii,Wii,2010,Platformer,Sonic Team,Sonic Colours,Sonic,sonic.colors|sonic.colours|colors
Sonic Unleashed,sonic unleashed,PS3,PS3,2008,Platformer,Sonic Team,Sonic World Adventure,Sonic,sonic.unleashed|unleashed|world.adventure
Sonic and the Black Knight,sonic and the black knight,Wii,Wii,2009,Action,Sonic Team,Sonic Black Knight,Sonic,sonic.and.the.black.knight|sonic.black.knight|black.knight
Sonic and the Secret Rings,sonic and the secret rings,Wii,Wii,2007,Action,Sonic Team,Sonic Secret Rings,Sonic,sonic.and.the.secret.rings|sonic.secret.rings|secret.rings
Sonic Heroes,sonic heroes,PS2,PS2,2003,Platformer,Sonic Team,,Sonic,sonic.heroes|heroes
Sonic Adventure 2,sonic adventure 2,DC,DC,2001,Platformer,Sonic Team,SA2|Sonic Adventure 2 Battle,Sonic,sonic.adventure.2|sa2|sonic.adventure.2.battle|sa2b
Sonic Adventure,sonic adventure,DC,DC,1998,Platformer,Sonic Team,SA1|Sonic Adventure DX,Sonic,sonic.adventure|sa|sa1|sonic.adventure.dx|sadx
Sonic 3D Blast,sonic 3d blast,Genesis,GEN,1996,Platformer,Travellers Tales,Sonic 3D Flickies Island,Sonic,sonic.3d.blast|sonic.3d|sonic.3d.flickies.island|3d.blast
Sonic R,sonic r,Saturn,SAT,1997,Racing,Travellers Tales,,Sonic,sonic.r|sonicr
Sonic the Fighters,sonic the fighters,Arcade,ARC,1996,Fighting,Sonic Team,Sonic Championship,Sonic,sonic.the.fighters|sonic.fighters|sonic.championship
Sonic CD,sonic cd,SCD,SCD,1993,Platformer,Sonic Team,,Sonic,sonic.cd|soniccd|scd
Sonic 3 and Knuckles,sonic 3 and knuckles,Genesis,GEN,1994,Platformer,Sonic Team,Sonic 3|Sonic & Knuckles,Sonic,sonic.3|sonic.and.knuckles|sonic.3.and.knuckles|s3|s3k|sonic.and.knuckles
Sonic the Hedgehog 3,sonic the hedgehog 3,Genesis,GEN,1994,Platformer,Sonic Team,Sonic 3 Alone,Sonic,sonic.3|sonic.the.hedgehog.3
Sonic and Knuckles,sonic and knuckles,Genesis,GEN,1994,Platformer,Sonic Team,S&K,Sonic,sonic.and.knuckles|s.and.k|sandk|sonic.knuckles
Sonic the Hedgehog 2,sonic the hedgehog 2,Genesis,GEN,1992,Platformer,Sonic Team,Sonic 2,Sonic,sonic.2|sonic.the.hedgehog.2|sonic2|sth2
Sonic the Hedgehog,sonic the hedgehog,Genesis,GEN,1991,Platformer,Sonic Team,Sonic 1,Sonic,sonic.1|sonic.the.hedgehog|sonic|sthn|sonic1|sth1
Knuckles Chaotix,knuckles chaotix,32X,32X,1995,Platformer,Sonic Team,Chaotix,Sonic,chaotix|knuckles.chaotix|knuckles|kchn
Sonic Spinball,sonic spinball,Genesis,GEN,1993,Pinball,Sonic Team,Sonic The Hedgehog Spinball,Sonic,sonic.spinball|spinball
Dr Robotniks Mean Bean Machine,dr robotniks mean bean machine,Genesis,GEN,1993,Puzzle,Compile,Mean Bean Machine,Puyo Puyo,mean.bean.machine|dr.robotniks.mean.bean.machine|robotniks|robotniks.mean.bean
SegaSonic the Hedgehog,segasonic the hedgehog,Arcade,ARC,1993,Platformer,Sega AM3,,Sonic,segasonic|segasonic.the.hedgehog
Tails Adventure,tails adventure,GG,GG,1995,Platformer,Aspect,,Sonic,tails.adventure
Tails Skypatrol,tails skypatrol,GG,GG,1995,Shooter,Japan System Supply,,Sonic,tails.skypatrol
Knuckles Sonic 2,knuckles sonic 2,Genesis,GEN,1994,Platformer,Sonic Team,Knuckles in Sonic 2,Sonic,knuckles.sonic.2|knuckles.in.sonic.2
Sonic Triple Trouble,sonic triple trouble,GG,GG,1994,Platformer,Aspect,Sonic and Tails 2,Sonic,sonic.triple.trouble|triple.trouble|sonic.and.tails.2
Sonic Blast,sonic blast,GG,GG,1996,Platformer,Aspect,G Sonic,Sonic,sonic.blast|blast|g.sonic
Sonic Labyrinth,sonic labyrinth,GG,GG,1995,Action,Sonic Team,,Sonic,sonic.labyrinth
Sonic Drift,sonic drift,GG,GG,1994,Racing,Sonic Team,,Sonic,sonic.drift|drift
Sonic Drift 2,sonic drift 2,GG,GG,1995,Racing,Sonic Team,,Sonic,sonic.drift.2|drift.2
Sega Genesis Classics,sega genesis classics,PS4,PS4,2018,Compilation,Sega,Sega Mega Drive Classics,Sega,sega.genesis.classics|sega.mega.drive.classics|genesis.classics|mega.drive.classics
Sonic Origins,sonic origins,PS5,PS5,2022,Compilation,Sonic Team,,Sonic,sonic.origins|origins
Sonic Origins Plus,sonic origins plus,PS5,PS5,2023,Compilation,Sonic Team,,Sonic,sonic.origins.plus|origins.plus
Sonic Mega Collection,sonic mega collection,GC,GC,2002,Compilation,Sonic Team,Sonic Mega Collection Plus,Sonic,sonic.mega.collection|sonic.mega.collection.plus|mega.collection
Sonic Gems Collection,sonic gems collection,GC,GC,2005,Compilation,Sonic Team,,Sonic,sonic.gems.collection|gems.collection
Sonic Classic Collection,sonic classic collection,DS,DS,2010,Compilation,Sonic Team,,Sonic,sonic.classic.collection|classic.collection
Sega Ages Sonic the Hedgehog,sega ages sonic,Switch,Switch,2018,Port,M2,Sonic 1 Sega Ages,Sonic,sega.ages.sonic|sega.ages.sonic.the.hedgehog|sega.ages.sonic.1
Sega Ages Sonic the Hedgehog 2,sega ages sonic 2,Switch,Switch,2018,Port,M2,Sonic 2 Sega Ages,Sonic,sega.ages.sonic.2|sega.ages.sonic.the.hedgehog.2
Sega Ages Sonic CD,sega ages sonic cd,Switch,Switch,2019,Port,M2,Sonic CD Sega Ages,Sonic,sega.ages.sonic.cd
Super Mario Bros 2,super mario bros 2,NES,NES,1988,Platformer,Nintendo,SMB2|Super Mario USA,Super Mario,super.mario.bros.2|smb2|super.mario.usa|mario.usa
Super Mario Bros 3,super mario bros 3,NES,NES,1988,Platformer,Nintendo,SMB3,Super Mario,super.mario.bros.3|smb3
Super Mario Bros,super mario bros,NES,NES,1985,Platformer,Nintendo,SMB1|SMB,Super Mario,super.mario.bros|smb|smb1|super.mario.bros.1
Mario Bros,mario bros,Arcade,ARC,1983,Platformer,Nintendo,,Mario,mario.bros
Wrecking Crew,wrecking crew,NES,NES,1985,Action,Nintendo,,Mario,wrecking.crew
Donkey Kong, donkey kong,Arcade,ARC,1981,Platformer,Nintendo,,Donkey Kong,donkey.kong|dk
Donkey Kong Jr, donkey kong jr,Arcade,ARC,1982,Platformer,Nintendo,Donkey Kong Junior,Donkey Kong,donkey.kong.jr|donkey.kong.junior|dk.jr|dkjr
Donkey Kong 3,donkey kong 3,Arcade,ARC,1983,Shooter,Nintendo,,Donkey Kong,donkey.kong.3|dk3
Donkey Kong Country,donkey kong country,SNES,SNES,1994,Platformer,Rare,DKC,Donkey Kong,donkey.kong.country|dkc
Donkey Kong Country 2,donkey kong country 2,SNES,SNES,1995,Platformer,Rare,DKC2,Donkey Kong,donkey.kong.country.2|dkc2
Donkey Kong Country 3,donkey kong country 3,SNES,SNES,1996,Platformer,Rare,DKC3,Donkey Kong,donkey.kong.country.3|dkc3
Donkey Kong Land,donkey kong land,GB,GB,1995,Platformer,Rare,DKL,Donkey Kong,donkey.kong.land|dkl
Donkey Kong Land 2,donkey kong land 2,GB,GB,1996,Platformer,Rare,DKL2,Donkey Kong,donkey.kong.land.2|dkl2
Donkey Kong Land 3,donkey kong land 3,GB,GB,1997,Platformer,Rare,DKL3,Donkey Kong,donkey.kong.land.3|dkl3
Diddy Kong Racing,diddy kong racing,N64,N64,1997,Racing,Rare,,Donkey Kong,diddy.kong.racing|diddy.kong|dkr
Donkey Kong 64,donkey kong 64,N64,N64,1999,Platformer,Rare,DK64,Donkey Kong,donkey.kong.64|dk64
Donkey Konga,donkey konga,GC,GC,2003,Rhythm,Namco,,Donkey Kong,donkey.konga|konga
Donkey Konga 2,donkey konga 2,GC,GC,2004,Rhythm,Namco,,Donkey Kong,donkey.konga.2|konga.2
Donkey Kong Jungle Beat,donkey kong jungle beat,GC,GC,2004,Platformer,Nintendo EAD,,Donkey Kong,donkey.kong.jungle.beat|jungle.beat|dkjb
DK King of Swing,dk king of swing,GBA,GBA,2005,Platformer,Paon,,Donkey Kong,dk.king.of.swing|king.of.swing|dk.kos
DK Jungle Climber,dk jungle climber,DS,DS,2007,Platformer,Paon,,Donkey Kong,dk.jungle.climber|jungle.climber|dk.jc
Donkey Kong Barrel Blast,donkey kong barrel blast,Wii,Wii,2007,Racing,Paon,Donkey Kong Jet Race,Donkey Kong,donkey.kong.barrel.blast|dk.barrel.blast|barrel.blast
Donkey Kong Country Returns,donkey kong country returns,Wii,Wii,2010,Platformer,Retro Studios,DKCR,Donkey Kong,donkey.kong.country.returns|dkcr|dk.returns
Donkey Kong Country Returns 3D,donkey kong country returns 3d,3DS,3DS,2013,Platformer,Monster Games,DKCR 3D,Donkey Kong,donkey.kong.country.returns.3d|dkcr.3d|dkcr3d
Donkey Kong Country Tropical Freeze,donkey kong country tropical freeze,Wii U,WiiU,2014,Platformer,Retro Studios,DKCTF,Donkey Kong,donkey.kong.country.tropical.freeze|dkctf|tropical.freeze
Donkey Kong Country Tropical Freeze Switch,donkey kong country tropical freeze switch,Switch,Switch,2018,Platformer,Retro Studios,DKCTF Switch,Donkey Kong,donkey.kong.country.tropical.freeze.switch|dkctf.switch|tropical.freeze.switch
Donkey Kong Bananza,donkey kong bananza,Switch 2,Switch2,2025,Platformer,Nintendo,,Donkey Kong,donkey.kong.bananza|bananza
Mario vs Donkey Kong,mario vs donkey kong,GBA,GBA,2004,Puzzle,Nintendo Software Technology,MvsDK,Donkey Kong,mario.vs.donkey.kong|mariovsdk|mvsdk
Mario vs Donkey Kong 2 March of the Minis,mario vs donkey kong 2,DS,DS,2006,Puzzle,Nintendo Software Technology,MvsDK2,Donkey Kong,mario.vs.donkey.kong.2|mvsdk2|march.of.the.minis
Mario vs Donkey Kong Minis March Again,mario vs donkey kong minis march again,DSi,DSi,2009,Puzzle,Nintendo Software Technology,MvsDK MMA,Donkey Kong,mario.vs.donkey.kong.minis.march.again|mvsdk.mma|minis.march.again
Mario vs Donkey Kong Mini-Land Mayhem,mario vs donkey kong mini land mayhem,DS,DS,2010,Puzzle,Nintendo Software Technology,MvsDK Mini-Land,Donkey Kong,mario.vs.donkey.kong.mini.land.mayhem|mvsdk.mini.land|mini.land.mayhem
Mario and Donkey Kong Minis on the Move,mario and donkey kong minis on the move,3DS,3DS,2013,Puzzle,Nintendo Software Technology,MvsDK Minis on the Move,Donkey Kong,mario.and.donkey.kong.minis.on.the.move|minis.on.the.move
Mario vs Donkey Kong Tipping Stars,mario vs donkey kong tipping stars,Wii U,WiiU,2015,Puzzle,Nintendo Software Technology,MvsDK Tipping Stars,Donkey Kong,mario.vs.donkey.kong.tipping.stars|tipping.stars
Mini Mario & Friends Amiibo Challenge,mini mario and friends amiibo challenge,Wii U,WiiU,2016,Puzzle,Nintendo Software Technology,Mini Mario Amiibo,Donkey Kong,mini.mario.and.friends.amiibo.challenge|mini.mario.amiibo
Mario vs Donkey Kong Switch,mario vs donkey kong switch,Switch,Switch,2024,Puzzle,Nintendo Software Technology,MvsDK Switch,Donkey Kong,mario.vs.donkey.kong.switch
The Legend of Zelda,legend of zelda,NES,NES,1986,Action-Adventure,Nintendo R&D4,Zelda 1|LoZ|TLoZ,The Legend of Zelda,the.legend.of.zelda|zelda.1|zelda|loz|tloz|legend.of.zelda
Zelda II The Adventure of Link,legend of zelda 2,NES,NES,1987,Action-Adventure,Nintendo R&D4,Zelda 2|Adventure of Link,The Legend of Zelda,zelda.2|zelda.ii|adventure.of.link|zelda.ii.the.adventure.of.link
A Link to the Past,link to the past,SNES,SNES,1991,Action-Adventure,Nintendo EAD,ALttP|LTTP|Zelda 3,The Legend of Zelda,alttp|lttp|zelda.3|zelda.alttp|a.link.to.the.past|link.to.the.past
Links Awakening,links awakening,GB,GB,1993,Action-Adventure,Nintendo EAD,Zelda LA|LA|Links Awakening GB,The Legend of Zelda,links.awakening|la|links.awakening.gb|zelda.la
Links Awakening DX,links awakening dx,GBC,GBC,1998,Action-Adventure,Nintendo EAD,Links Awakening DX|LADX,The Legend of Zelda,links.awakening.dx|ladx
Ocarina of Time,ocarina of time,N64,N64,1998,Action-Adventure,Nintendo EAD,OOT|OOT3D|Zelda 5,The Legend of Zelda,oot|ocarina.of.time|zelda.5|zelda.oot
Ocarina of Time 3D,ocarina of time 3d,3DS,3DS,2011,Action-Adventure,Grezzo,OOT3D|Zelda 5 3D,The Legend of Zelda,oot3d|ocarina.of.time.3d|zelda.5.3d
Majoras Mask,majoras mask,N64,N64,2000,Action-Adventure,Nintendo EAD,MM|MM3D|Zelda 6,The Legend of Zelda,mm|majoras.mask|zelda.6|zelda.mm
Majoras Mask 3D,majoras mask 3d,3DS,3DS,2015,Action-Adventure,Grezzo,MM3D|Zelda 6 3D,The Legend of Zelda,mm3d|majoras.mask.3d|zelda.6.3d
Oracle of Seasons,oracle of seasons,GBC,GBC,2001,Action-Adventure,Capcom,Zelda OoS,The Legend of Zelda,oracle.of.seasons|oos|zelda.oos
Oracle of Ages,oracle of ages,GBC,GBC,2001,Action-Adventure,Capcom,Zelda OoA,The Legend of Zelda,oracle.of.ages|ooa|zelda.ooa
Four Swords,four swords,GBA,GBA,2002,Action-Adventure,Nintendo EAD,Zelda FS,The Legend of Zelda,four.swords|fs|zelda.fs
The Wind Waker,wind waker,GC,GC,2002,Action-Adventure,Nintendo EAD,WW|TWW|Zelda 8,The Legend of Zelda,wind.waker|ww|tww|zelda.8|zelda.ww
The Wind Waker HD,wind waker hd,Wii U,WiiU,2013,Action-Adventure,Nintendo EAD,WWHD|TWWHD|Zelda 8 HD,The Legend of Zelda,wind.waker.hd|ww.hd|tww.hd|zelda.8.hd
Four Swords Adventures,four swords adventures,GC,GC,2004,Action-Adventure,Nintendo EAD,FSA|Zelda FSA GCN,The Legend of Zelda,four.swords.adventures|fsa|zelda.fsa
The Minish Cap,minish cap,GBA,GBA,2004,Action-Adventure,Capcom,TMC|Zelda TMC,The Legend of Zelda,minish.cap|tmc|the.minish.cap|zelda.tmc
Twilight Princess,twilight princess,Wii,Wii,2006,Action-Adventure,Nintendo EAD,TP|TTP|Zelda 9,The Legend of Zelda,twilight.princess|tp|ttp|zelda.9|zelda.tp
Twilight Princess HD,twilight princess hd,Wii U,WiiU,2016,Action-Adventure,Tantalus,TPHD|Zelda 9 HD,The Legend of Zelda,twilight.princess.hd|tp.hd|ttp.hd|zelda.9.hd
Phantom Hourglass,phantom hourglass,DS,DS,2007,Action-Adventure,Nintendo EAD,PH|Zelda PH,The Legend of Zelda,phantom.hourglass|ph|zelda.ph
Spirit Tracks,spirit tracks,DS,DS,2009,Action-Adventure,Nintendo EAD,ST|Zelda ST,The Legend of Zelda,spirit.tracks|st|zelda.st
Skyward Sword,skyward sword,Wii,Wii,2011,Action-Adventure,Nintendo EAD,SS|Zelda 10,The Legend of Zelda,skyward.sword|ss|zelda.10|zelda.ss
Skyward Sword HD,skyward sword hd,Switch,Switch,2021,Action-Adventure,Tantalus,SSHD|Zelda 10 HD,The Legend of Zelda,skyward.sword.hd|ss.hd|zelda.10.hd|zelda.ss.hd
A Link Between Worlds,link between worlds,3DS,3DS,2013,Action-Adventure,Nintendo EAD,ALBW|Zelda 11,The Legend of Zelda,albw|a.link.between.worlds|link.between.worlds|zelda.11|zelda.albw
Tri Force Heroes,tri force heroes,3DS,3DS,2015,Action-Adventure,Nintendo EAD,TFH|Zelda TFH,The Legend of Zelda,tri.force.heroes|tfh|zelda.tfh
Breath of the Wild,breath of the wild,Wii U,WiiU,2017,Action-Adventure,Nintendo EPD,BOTW|Zelda 13,The Legend of Zelda,breath.of.the.wild|botw|zelda.13|zelda.botw
Breath of the Wild Switch,breath of the wild switch,Switch,Switch,2017,Action-Adventure,Nintendo EPD,BOTW Switch|Zelda 13 Switch,The Legend of Zelda,breath.of.the.wild.switch|botw.switch|zelda.13.switch
Tears of the Kingdom,tears of the kingdom,Switch,Switch,2023,Action-Adventure,Nintendo EPD,TOTK|TOTK|Zelda 14,The Legend of Zelda,tears.of.the.kingdom|totk|zelda.14|zelda.totk
Echoes of Wisdom,echoes of wisdom,Switch,Switch,2024,Action-Adventure,Nintendo EPD,EoW|EoW,The Legend of Zelda,echoes.of.wisdom|eow|zelda.eow
Hyrule Warriors,hyrule warriors,Wii U,WiiU,2014,Hack and Slash,Omega Force,HW|Zelda Warriors,The Legend of Zelda,hyrule.warriors|hw|zelda.warriors
Hyrule Warriors Legends,hyrule warriors legends,3DS,3DS,2016,Hack and Slash,Omega Force,HWL|Zelda Warriors 3DS,The Legend of Zelda,hyrule.warriors.legends|hwl|zelda.warriors.legends
Hyrule Warriors Definitive Edition,hyrule warriors definitive edition,Switch,Switch,2018,Hack and Slash,Omega Force,HW DE|Zelda Warriors DE,The Legend of Zelda,hyrule.warriors.definitive.edition|hw.de|zelda.warriors.de
Hyrule Warriors Age of Calamity,hyrule warriors age of calamity,Switch,Switch,2020,Hack and Slash,Omega Force,HW AoC|Zelda Warriors AoC|AoC,The Legend of Zelda,hyrule.warriors.age.of.calamity|hw.aoc|aoc|age.of.calamity|zelda.warriors.aoc
Cadence of Hyrule,cadence of hyrule,Switch,Switch,2019,Rhythm,B Brace Yourself,Cadence,Cadence of Hyrule,cadence.of.hyrule|cadence|coz
NES Remix,nes remix,Wii U,WiiU,2013,Compilation,Nintendo EAD,,NES Remix,nes.remix
NES Remix 2,nes remix 2,Wii U,WiiU,2014,Compilation,Nintendo,,NES Remix,nes.remix.2
Ultimate NES Remix,ultimate nes remix,3DS,3DS,2014,Compilation,Nintendo,,NES Remix,ultimate.nes.remix
NES Remix Pack,nes remix pack,Wii U,WiiU,2014,Compilation,Nintendo,,NES Remix,nes.remix.pack
Super Mario 3D All-Stars,super mario 3d all stars,Switch,Switch,2020,Compilation,Nintendo EPD,Mario 3D All-Stars,Super Mario,super.mario.3d.all.stars|3d.all.stars|sm3das
Super Mario All-Stars,super mario all stars,SNES,SNES,1993,Compilation,Nintendo EAD,Mario All-Stars,Super Mario,super.mario.all.stars|mario.all.stars|smb.all.stars
Super Mario All-Stars Limited Edition,super mario all stars limited edition,Wii,Wii,2010,Compilation,Nintendo EAD,Mario All-Stars Wii|25th Anniversary,Super Mario,super.mario.all.stars.limited.edition|mario.all.stars.wii|25th.anniversary
Super Mario Bros 35,super mario bros 35,Switch,Switch,2020,Battle Royale,Arika,SMB35,Super Mario,super.mario.bros.35|smb35
Super Mario Bros Deluxe,super mario bros deluxe,GBC,GBC,1999,Platformer,Nintendo,SMB Deluxe|SMBDX,Super Mario,super.mario.bros.deluxe|smb.deluxe|smbdx
Super Mario Advance,super mario advance,GBA,GBA,2001,Platformer,Nintendo R&D2,SMA1|SMA|Super Mario Bros 2 GBA,Super Mario,super.mario.advance|sma|sma1|super.mario.advance.1|smb2.gba
Super Mario World Super Mario Advance 2,super mario world advance 2,GBA,GBA,2001,Platformer,Nintendo R&D2,SMA2|Super Mario World GBA,Super Mario,super.mario.world.super.mario.advance.2|sma2|super.mario.advance.2|smw.sma2|smw.gba
Yoshis Island Super Mario Advance 3,yoshis island super mario advance 3,GBA,GBA,2002,Platformer,Nintendo R&D2,SMA3|Yoshis Island GBA,Super Mario,yoshis.island.super.mario.advance.3|sma3|super.mario.advance.3|yi.sma3|yi.gba
Super Mario Bros 3 Super Mario Advance 4,super mario bros 3 super mario advance 4,GBA,GBA,2003,Platformer,Nintendo R&D2,SMA4|SMB3 GBA,Super Mario,super.mario.bros.3.super.mario.advance.4|sma4|super.mario.advance.4|smb3.sma4|smb3.gba
Super Mario 64 DS,super mario 64 ds,DS,DS,2004,Platformer,Nintendo EAD,SM64DS|Super Mario 64 DS Remake,Super Mario,super.mario.64.ds|sm64ds|mario.64.ds
New Super Mario Bros,new super mario bros,DS,DS,2006,Platformer,Nintendo EAD,NSMB1|NSMB,Super Mario,new.super.mario.bros|nsmb|nsmb1
New Super Mario Bros Wii,new super mario bros wii,Wii,Wii,2009,Platformer,Nintendo EAD,NSMB Wii,Super Mario,new.super.mario.bros.wii|nsmb.wii|nsmbwii|nsmbw
New Super Mario Bros 2,new super mario bros 2,3DS,3DS,2012,Platformer,Nintendo EAD,NSMB2,Super Mario,new.super.mario.bros.2|nsmb2
New Super Mario Bros U,new super mario bros u,Wii U,WiiU,2012,Platformer,Nintendo EAD,NSMBU,Super Mario,new.super.mario.bros.u|nsmbu
New Super Luigi U,new super luigi u,Wii U,WiiU,2013,Platformer,Nintendo EAD,NSLU,Super Mario,new.super.luigi.u|nslu
New Super Mario Bros U Deluxe,new super mario bros u deluxe,Switch,Switch,2019,Platformer,Nintendo,NSMBU Deluxe,Super Mario,new.super.mario.bros.u.deluxe|nsmbu.deluxe
Super Mario 3D Land,super mario 3d land,3DS,3DS,2011,Platformer,Nintendo EAD,SM3DL,Super Mario,super.mario.3d.land|sm3dl
Super Mario 3D World,super mario 3d world,Wii U,WiiU,2013,Platformer,Nintendo EAD,SM3DW,Super Mario,super.mario.3d.world|sm3dw
Super Mario 3D World Bowsers Fury,super mario 3d world bowsers fury,Switch,Switch,2021,Platformer,Nintendo EPD,SM3DW+BF|3D World Switch,Super Mario,super.mario.3d.world.bowsers.fury|sm3dw.bowsers.fury|sm3dw.bf|3d.world.switch|bowsers.fury
Super Mario Maker,super mario maker,Wii U,WiiU,2015,Platformer,Nintendo EAD,SMM1|SMM,Super Mario,super.mario.maker|smm|smm1|mario.maker
Super Mario Maker 2,super mario maker 2,Switch,Switch,2019,Platformer,Nintendo EPD,SMM2,Super Mario,super.mario.maker.2|smm2|mario.maker.2
Super Mario Run,super mario run,Mobile,Mobile,2016,Auto-runner,Nintendo EPD,SMR,Super Mario,super.mario.run|smr|mario.run
Super Mario Party,super mario party,Switch,Switch,2018,Party,NDcube|SND,Super Mario Party Switch,Super Mario,super.mario.party|smp
Super Mario Party Jamboree,super mario party jamboree,Switch,Switch,2024,Party,NDcube|SND,SMP Jamboree|Party Jamboree,Super Mario,super.mario.party.jamboree|smp.jamboree|jamboree
Super Mario Odyssey,super mario odyssey,Switch,Switch,2017,Platformer,Nintendo EPD,Mario Odyssey|SMO,Super Mario,super.mario.odyssey|smo|mario.odyssey
Mario Kart Tour,mario kart tour,Mobile,Mobile,2019,Racing,Nintendo EPD,MKT,Super Mario,mario.kart.tour|mkt
Mario Kart Live Home Circuit,mario kart live home circuit,Switch,Switch,2020,Racing,Velan Studios,MK Live,Super Mario,mario.kart.live.home.circuit|mk.live|mario.kart.live
Mario Clash,mario clash,VB,VB,1995,Platformer,Nintendo R&D1,,Super Mario,mario.clash|marioclash
Virtual Boy Wario Land,virtual boy wario land,VB,VB,1995,Platformer,Nintendo R&D1,Wario Land VB,Wario Land,virtual.boy.wario.land|wario.land.vb|vb.wario.land
Marios Tennis,marios tennis,VB,VB,1995,Sports,Nintendo R&D1,Mario Tennis VB,Mario Tennis,marios.tennis|mario.tennis.vb|mario.vb.tennis
Teleroboxer,teleroboxer,VB,VB,1995,Fighting,Nintendo,,Virtual Boy,teleroboxer
Red Alarm,red alarm,VB,VB,1995,Shooter,Nintendo,,Virtual Boy,red.alarm
3D Tetris,3d tetris,VB,VB,1996,Puzzle,T&E Soft,Tetris 3D|VB Tetris,Virtual Boy,3d.tetris|tetris.3d|vb.tetris
Panic Bomber,panic bomber,VB,VB,1995,Puzzle,Hudson Soft,Bomberman Panic,Virtual Boy,panic.bomber|bomberman.panic
Marios Virtual Bowling,marios virtual bowling,VB,VB,1995,Sports,Nintendo R&D1,Virtual Bowling VB,Mario,marios.virtual.bowling|virtual.bowling.vb
Vertical Force,vertical force,VB,VB,1995,Shooter,Hudson Soft,,Virtual Boy,vertical.force
Space Squash,space squash,VB,VB,1995,Sports,Coconuts Japan,,Virtual Boy,space.squash
Space Invaders Virtual Collection,space invaders virtual collection,VB,VB,1995,Shooter,Taito,Space Invaders VB,Virtual Boy,space.invaders.virtual.collection|space.invaders.vb
V-Tetris,v tetris,VB,VB,1995,Puzzle,Bullet Proof,,Virtual Boy,v.tetris|v.tetris
Galactic Pinball,galactic pinball,VB,VB,1995,Pinball,Intelligent Systems,Pinball VB,Virtual Boy,galactic.pinball|pinball.vb
Jack Bros,jack bros,VB,VB,1995,Action,Atlus,Jack Brothers,Virtual Boy,jack.bros|jack.brothers
Waterworld,waterworld,VB,VB,1995,Action,Ocean,,Virtual Boy,waterworld
Nesters Funky Bowling,nesters funky bowling,VB,VB,1996,Sports,Nintendo,Nester Bowling,Virtual Boy,nesters.funky.bowling|nesters.bowling
Mario Pinball Land,mario pinball land,GBA,GBA,2004,Pinball,Fuse Games,Super Mario Ball,Super Mario,mario.pinball.land|super.mario.ball
Yoshis Safari,yoshis safari,SNES,SNES,1993,Rail Shooter,Nintendo,Yoshi Safari,Super Mario,yoshis.safari|yoshi.safari
Mario Paint,mario paint,SNES,SNES,1992,Creative,Nintendo R&D1,,Super Mario,mario.paint|mariopaint
Mario is Missing,mario is missing,SNES,SNES,1993,Educational,Software Toolworks,,Super Mario,mario.is.missing
Marios Time Machine,marios time machine,SNES,SNES,1993,Educational,Software Toolworks,,Super Mario,marios.time.machine|mario.time.machine
Marios Early Years,marios early years,SNES,SNES,1994,Educative,Nintendo,Mario Early Learning,Super Mario,marios.early.years|mario.early.years
Yoshis Cookie,yoshis cookie,NES,NES,1992,Puzzle,Nintendo,,Super Mario,yoshis.cookie|yoshi.cookie
Yoshis Safari,yoshis safari,SNES,SNES,1993,Rail Shooter,Nintendo,,Super Mario,yoshis.safari|yoshi.safari
Undertale,undertale,PC,PC,2015,RPG,Toby Fox,,Undertale,undertale
Deltarune,deltarune,PC,PC,2018,RPG,Toby Fox,,Undertale,deltarune
Five Nights at Freddys,five nights at freddys,PC,PC,2014,Horror,Scott Cawthon,FNAF 1,Five Nights at Freddys,fnaf|five.nights.at.freddys|fnaf1|freddys
Five Nights at Freddys 2,five nights at freddys 2,PC,PC,2014,Horror,Scott Cawthon,FNAF 2,Five Nights at Freddys,fnaf2|five.nights.at.freddys.2
Five Nights at Freddys 3,five nights at freddys 3,PC,PC,2015,Horror,Scott Cawthon,FNAF 3,Five Nights at Freddys,fnaf3|five.nights.at.freddys.3
Five Nights at Freddys 4,five nights at freddys 4,PC,PC,2015,Horror,Scott Cawthon,FNAF 4,Five Nights at Freddys,fnaf4|five.nights.at.freddys.4
Five Nights at Freddys Sister Location,five nights at freddys sister location,PC,PC,2016,Horror,Scott Cawthon,FNAF 5|FNAF SL,Five Nights at Freddys,fnaf5|fnaf.sl|sister.location|five.nights.at.freddys.sister.location
Freddy Fazbears Pizzeria Simulator,freddy fazbears pizzeria simulator,PC,PC,2017,Simulation,Scott Cawthon,FNAF 6|FFPS,Five Nights at Freddys,fnaf6|ffps|freddy.fazbears.pizzeria.simulator
Ultimate Custom Night,ultimate custom night,PC,PC,2018,Horror,Scott Cawthon,FNAF UCN,Five Nights at Freddys,ucn|ultimate.custom.night|fnaf.ucn
Five Nights at Freddys Help Wanted,five nights at freddys help wanted,PS4,PS4,2019,Horror,Steel Wool Studios,FNAF VR|FNAF HW,Five Nights at Freddys,fnaf.hw|fnaf.vr|help.wanted
Five Nights at Freddys Security Breach,five nights at freddys security breach,PS5,PS5,2021,Horror,Steel Wool Studios,FNAF 8|FNAF SB,Five Nights at Freddys,fnaf8|fnaf.sb|security.breach
Five Nights at Freddys Into the Pit,five nights at freddys into the pit,PC,PC,2024,Horror,Mega Cat Studios,FNAF 9|FNAF Into the Pit,Five Nights at Freddys,fnaf9|fnaf.into.the.pit|into.the.pit
FNAF World,fnaf world,PC,PC,2016,RPG,Scott Cawthon,,Five Nights at Freddys,fnaf.world|fnafland
Freddy in Space 2,freddy in space 2,PC,PC,2019,Shooter,Scott Cawthon,,Five Nights at Freddys,freddy.in.space.2
Security Breach Fury Rage,security breach fury rage,PC,PC,2021,Arcade,Steel Wool Studios,SB FR,Five Nights at Freddys,security.breach.fury.rage|sb.fr|fury.rage
